StartDate,EndDate,Status,IPAddress,Progress,Duration (in seconds),Finished,RecordedDate,ResponseId,RecipientLastName,RecipientFirstName,RecipientEmail,ExternalReference,LocationLatitude,LocationLongitude,DistributionChannel,UserLanguage,MSHmeans_1,MSHmeans_2,MSHcons_1,MSHcons_2,MSHside_1,MSHtime_First Click,MSHtime_Last Click,MSHtime_Page Submit,MSHtime_Click Count,NSmeans_1,NSmeans_2,NScons_1,NScons_2,NSside_1,S9Time_First Click,S9Time_Last Click,S9Time_Page Submit,S9Time_Click Count,MRmeans_1,MRmeans_2,MRcons_1,MRcons_2,MRside_1,MRtime_First Click,MRtime_Last Click,MRtime_Page Submit,MRtime_Click Count,BWmeans_1,BWmeans_2,BWcons_1,BWcons_2,BWside_1,BWtime_First Click,BWtime_Last Click,BWtime_Page Submit,BWtime_Click Count,MFTmeans_1,MFTmeans_2,MFTcons_1,MFTcons_2,MFTside_1,MFTtime_First Click,MFTtime_Last Click,MFTtime_Page Submit,MFTtime_Click Count,NPmeans_1,NPmeans_2,NPcons_1,NPcons_2,NPside_1,NPtime_First Click,NPtime_Last Click,NPtime_Page Submit,NPtime_Click Count,SSmeans_1,SSmeans_2,SScons_1,SScons_2,SSside_1,SStime_First Click,SStime_Last Click,SStime_Page Submit,SStime_Click Count,MSUmeans_1,MSUmeans_2,MSUcons_1,MSUcons_2,MSUside_1,MSUtime_First Click,MSUtime_Last Click,MSUtime_Page Submit,MSUtime_Click Count,CBMmeans_1,CBMmeans_2,CBMcons_1,CBMcons_2,CBMside_1,CBMtime_First Click,CBMtime_Last Click,CBMtime_Page Submit,CBMtime_Click Count,BBmeans_1,BBmeans_2,BBcons_1,BBcons_2,BBside_1,BBtime_First Click,BBtime_Last Click,BBtime_Page Submit,BBtime_Click Count,VTmeans_1,VTmeans_2,VTcons_1,VTcons_2,VTside_1,VTtime_First Click,VTtime_Last Click,VTtime_Page Submit,VTtime_Click Count,DemAge,DemEdu,DemRace,DemRace_10_TEXT,DemGen,DemGen_4_TEXT,DemPol_1,Dem$$$
3/19/21 12:29,3/19/21 12:33,IP Address,72.88.136.46,100,238,TRUE,3/19/21 12:33,R_2UWMhPOatVPvcOQ,,,,,40.97349548,-73.96070099,anonymous,EN,18,5,,,,16.231,19.017,20.473,4,,,,,18,11.129,11.129,12.036,1,19,9,,,,24.941,31.422,32.233,7,,,24,11,,17.334,22.813,24.068,2,,,,,14,4.525,4.525,5.437,1,,,23,66,,23.637,29.169,30.577,5,,,,,17,21.158,21.484,22.267,2,,,,,58,12.662,12.662,14.582,1,,,55,47,,13.671,19.592,20.759,3,36,20,,,,10.594,14.16,15.015,8,27,8,,,,10.388,14.258,15.108,8,26,Bachelor's degree in college (4-year),White,,Female,,4,"$100,000 to $149,999"
3/19/21 12:29,3/19/21 12:33,IP Address,71.225.112.95,100,209,TRUE,3/19/21 12:33,R_1fdWEQRBXEkV47b,,,,,40.23629761,-75.29599762,anonymous,EN,,,53,0,,9.531,11.5,12.424,2,,,,,57,10.001,10.586,11.3,2,31,0,,,,44.341,46.206,46.998,2,,,47,0,,16.869,18.418,19.564,2,79,0,,,,5.357,7.38,8.171,2,,,86,6,,18.403,23.33,24.154,2,,,50,0,,12.235,18.217,19.021,3,,,,,59,8.184,8.184,8.854,1,,,53,0,,6.172,8.365,9.077,4,,,,,56,9.527,9.527,10.091,1,,,78,4,,7.889,11.303,12.121,2,27,Some college but no degree,White,,Male,,4,"$50,000 to $59,999"
3/19/21 12:30,3/19/21 12:33,IP Address,75.82.110.65,100,153,TRUE,3/19/21 12:33,R_2VNJh9xWPe2M0To,,,,,34.14129639,-118.6598969,anonymous,EN,0,0,,,,1.326,7.111,7.924,7,,,0,0,,1.628,22.277,23.121,13,0,0,,,,0.946,6.112,8.484,7,,,0,0,,1.955,8.77,9.738,8,0,0,,,,2.658,6.851,7.851,3,,,,,0,2.275,3.701,4.897,3,0,0,,,,2.334,14.945,15.598,11,,,0,0,,1.399,11.493,12.085,11,,,,,0,1.648,5.552,10,3,0,0,,,,1.16,7.399,9.375,6,,,0,0,,6.033,12.029,12.706,7,38,Master's degree,White,,Female,,2,"$80,000 to $89,999"
3/19/21 12:29,3/19/21 12:33,IP Address,68.114.59.146,100,246,TRUE,3/19/21 12:33,R_3j20qlDeAoABqVm,,,,,41.80059814,-72.24659729,anonymous,EN,,,49,3,,10.847,12.23,13.382,4,72,0,,,,5.786,14.46,15.28,3,9,0,,,,9.2,13.384,14.339,3,,,24,4,,11.937,20.771,22.079,11,,,99,97,,9.633,12.001,13.164,4,,,100,88,,9.793,12.689,14.125,3,,,,,97,9.329,9.329,10.308,1,,,89,17,,20.89,23.495,24.824,3,,,,,64,16.557,21.056,21.836,2,,,,,85,18.7,21.159,22.02,4,92,5,,,,19.33,34.324,36.146,3,27,Bachelor's degree in college (4-year),White,,Male,,0,"$50,000 to $59,999"
3/19/21 12:29,3/19/21 12:33,IP Address,162.199.164.185,100,267,TRUE,3/19/21 12:33,R_3kiwq1NmFL3JgCz,,,,,33.19760132,-96.61779785,anonymous,EN,,,,,100,4.786,9.94,12.752,2,,,,,100,6.255,6.255,13.404,1,,,100,100,,17.867,28.362,29.517,3,,,100,0,,21.448,23.096,24.011,2,,,100,100,,6.539,19.101,20.215,3,100,0,,,,34.327,47.659,52.429,3,,,,,100,16.103,16.103,17.016,1,100,0,,,,9.453,14.181,15.034,2,,,,,100,8.625,8.625,11.326,1,,,100,100,,6.015,18.114,22.478,4,,,100,100,,14.22,15.988,16.958,2,40,Bachelor's degree in college (4-year),Hispanic or Latino,,Male,,3,"$30,000 to $39,999"
3/19/21 12:33,3/19/21 12:34,IP Address,104.176.182.166,100,67,TRUE,3/19/21 12:34,R_3ReGJcilRMr6DYO,,,,,36.2098999,-81.67240143,anonymous,EN,60,45,,,,1.935,8.851,9.281,13,66,63,,,,0.489,1.538,2.221,3,64,60,,,,0.652,1.886,2.924,3,42,47,,,,0.502,4.921,5.707,7,,,,,64,0.401,1.838,2.218,3,,,,,66,0.48,1.199,1.672,2,,,,,74,0.854,3.773,4.222,4,,,,,58,0.418,1.081,1.531,2,,,,,62,0.517,1.697,2.081,3,64,59,,,,0.768,3.382,3.904,5,57,52,,,,0.454,1.555,2.109,3,22,Bachelor's degree in college (4-year),White,,Male,,7,"$50,000 to $59,999"
3/19/21 12:31,3/19/21 12:34,IP Address,72.178.90.173,100,215,TRUE,3/19/21 12:34,R_264t3wzyb8rCIT1,,,,,31.00650024,-97.84059906,anonymous,EN,,,,,92,11.222,13.092,14.117,3,,,76,41,,2.832,4.01,4.877,2,,,31,48,,2.4,7.094,7.538,8,,,93,37,,2.725,5.278,10.22,2,88,10,,,,8.038,15.2,24.468,2,,,79,20,,3.572,9.009,10.544,5,,,,,99,11.546,11.546,13.012,1,,,,,80,2.472,3.525,4.506,2,,,,,100,73.217,73.217,75.819,1,,,87,16,,7.693,9.948,11.115,2,85,71,,,,4.028,7.7,8.418,4,26,Some college but no degree,White,,Female,,1,"$20,000 to $29,999"
3/19/21 12:30,3/19/21 12:35,IP Address,70.114.219.58,100,315,TRUE,3/19/21 12:35,R_27UxFkq71IZ2Hei,,,,,30.2881012,-97.76399994,anonymous,EN,,,88,100,,27.045,28.757,29.616,3,,,,,50,16.446,16.446,17.804,1,,,,,50,8.455,8.455,9.516,1,,,,,50,21.984,21.984,23.227,1,,,90,100,,11.035,12.623,14.438,3,,,,,50,12.186,12.186,13.864,1,,,89,100,,39.599,44.713,45.813,3,,,86,100,,36.977,40.698,42.275,4,,,82,100,,15.794,17.287,18.574,3,50,6,,,,36.959,43.437,45.185,2,,,84,100,,8.519,9.965,10.653,2,48,Associate degree in college (2-year),White,,Female,,1,"$20,000 to $29,999"
3/19/21 12:30,3/19/21 12:35,IP Address,64.121.136.37,100,321,TRUE,3/19/21 12:35,R_2Vx8nAdlhoKTcs9,,,,,40.66569519,-75.33640289,anonymous,EN,,,,,63,19.092,19.526,20.292,2,39,0,,,,18.279,23.84,27.304,11,,,52,74,,25.798,28.179,29.094,4,,,,,56,29.097,32.673,33.294,5,,,72,100,,14.762,16.58,17.12,3,,,68,96,,29.3,30.673,31.941,3,,,68,95,,30.903,35.045,36.699,5,,,69,97,,26.885,29.085,29.38,4,58,4,,,,23.631,25.767,27.263,5,51,6,,,,15.992,18.712,19.849,6,,,83,100,,18.733,21.165,21.747,3,38,Master's degree,White,,Male,,5,"$100,000 to $149,999"
3/19/21 12:30,3/19/21 12:36,IP Address,157.131.114.91,100,327,TRUE,3/19/21 12:36,R_21aZ94r12Pnh1VQ,,,,,37.75619507,-122.4866028,anonymous,EN,,,100,50,,7.205,16.264,17.308,3,,,,,100,14.942,14.942,16.699,1,,,,,100,127.831,127.831,128.452,1,,,,,100,16.798,17.664,18.119,2,100,0,,,,6.052,11.492,12.49,4,,,100,100,,8.555,16.726,17.378,6,,,100,100,,14.14,17.608,18.059,3,,,100,100,,12.18,22.918,25.368,5,,,,,100,12.117,12.117,13.392,1,100,0,,,,11.094,12.976,13.771,2,100,0,,,,14.275,15.678,17.067,2,24,Associate degree in college (2-year),East Asian,,Male,,1,"$50,000 to $59,999"
3/19/21 12:31,3/19/21 12:36,IP Address,12.34.36.250,100,259,TRUE,3/19/21 12:36,R_2a90qi0ud2K0dSj,,,,,42.69689941,-84.54640198,anonymous,EN,63,17,,,,20.049,23.174,23.871,3,,,,,75,13.316,13.316,14.559,1,47,5,,,,17.935,19.517,21.298,2,,,95,77,,27.297,29.545,29.861,3,70,8,,,,7.235,10.428,11.514,3,,,,,91,8.072,25.233,25.758,6,,,,,74,12.603,12.603,16.281,1,,,94,87,,20.298,22.493,23.501,2,72,8,,,,24.29,26.186,26.91,2,86,22,,,,20.208,25.905,26.74,4,,,,,96,12.55,12.55,13.128,1,22,Bachelor's degree in college (4-year),East Asian,,Male,,5,"$70,000 to $79,999"
3/19/21 12:32,3/19/21 12:36,IP Address,99.23.199.2,100,199,TRUE,3/19/21 12:36,R_3R4lFLuWEbAnhPa,,,,,30.4420929,-97.6339035,anonymous,EN,,,93,71,,5.201,6.72,7.724,2,,,86,78,,3.353,4.332,5.538,2,85,67,,,,12.525,15.449,16.225,3,,,,,70,11.396,11.396,12.231,1,,,,,84,4.228,4.228,4.967,1,,,68,80,,31.577,32.659,33.664,2,81,64,,,,3.757,10.657,11.688,6,,,63,91,,4.613,7.14,8.453,3,83,64,,,,3.316,4.57,5.537,2,,,,,89,16.551,18.333,23.09,2,,,81,62,,3.075,3.893,4.84,2,51,Master's degree,Black or African American,,Female,,3,"$50,000 to $59,999"
3/19/21 12:30,3/19/21 12:36,IP Address,162.196.176.250,100,400,TRUE,3/19/21 12:36,R_2SBJ1pcCfYcy93Y,,,,,34.23599243,-118.5234985,anonymous,EN,,,,,10,33.99,33.99,35.249,1,,,10,100,,4.69,38.516,41.297,5,,,,,71,25.527,25.527,26.522,1,,,51,35,,27.342,37.182,38.314,3,0,0,,,,18.808,19.84,21.179,2,0,0,,,,19.057,20.257,30.19,2,50,0,,,,29.753,31.212,32.932,2,50,0,,,,23.442,27.186,42.381,2,,,100,100,,23.557,25.149,26.242,2,,,,,100,40.393,41.364,42.34,2,,,71,100,,22.3,27.235,28.327,4,51,Bachelor's degree in college (4-year),White,,Male,,3,"$60,000 to $69,999"
3/19/21 12:29,3/19/21 12:36,IP Address,207.191.102.62,100,441,TRUE,3/19/21 12:36,R_1GJ1qViLNbrFoUN,,,,,30.20089722,-93.4437027,anonymous,EN,,,53,3,,2.891,19.746,24.475,13,,,,,44,2.104,8.107,29.067,2,,,80,80,,14.451,17.839,26.34,7,37,47,,,,7.486,30.123,32.986,7,33,4,,,,1.739,19.997,26.804,10,,,,,62,1.496,86.373,87.678,17,,,76,76,,1.236,24.552,35.027,11,,,59,9,,1.436,38.388,41.727,8,,,79,100,,8.655,24.13,28.742,7,,,,,62,1.589,40.533,41.402,6,60,6,,,,0.963,25.154,25.98,12,30,Bachelor's degree in college (4-year),White,,Male,,1,"$60,000 to $69,999"
3/19/21 12:30,3/19/21 12:36,IP Address,45.48.244.240,100,365,TRUE,3/19/21 12:36,R_1i3usOveGBzqLiB,,,,,34.07400513,-118.2611008,anonymous,EN,,,26,17,,2.824,6.345,7.891,3,,,,,27,2.996,2.996,4.23,1,,,,,21,3.305,3.305,4.621,1,,,14,22,,1.855,6.337,7.342,4,,,,,57,70.823,70.823,71.809,1,,,30,22,,9.269,10.385,11.318,2,,,62,51,,55.196,59.733,60.579,5,33,41,,,,9.647,10.887,12.273,2,,,,,41,2.605,2.605,3.649,1,4,21,,,,25.238,26.393,27.782,2,,,35,26,,58.613,60.919,61.782,3,35,Bachelor's degree in college (4-year),Black or African American,,Female,,0,"$40,000 to $49,999"
3/19/21 12:33,3/19/21 12:37,IP Address,199.218.242.7,100,196,TRUE,3/19/21 12:37,R_cUWDnXdqSDzMwQ9,,,,,40.03210449,-82.90920258,anonymous,EN,0,0,,,,6.419,7.228,8.223,2,0,0,,,,13.872,15.096,16.608,2,,,,,97,15.13,15.13,16.479,1,,,0,0,,17.47,18.551,19.623,2,,,,,0,10.091,10.091,11.622,1,,,24,100,,17.801,19.761,21.07,2,0,0,,,,11.301,11.944,12.631,2,,,,,19,26.095,26.095,27.269,1,,,,,15,13.04,13.04,14.365,1,0,0,,,,3.48,4.699,8.947,2,,,,,5,14.522,15.8,16.827,2,42,Master's degree,White,,Male,,1,"$40,000 to $49,999"
3/19/21 12:29,3/19/21 12:37,IP Address,216.68.209.237,100,449,TRUE,3/19/21 12:37,R_1NnybF4HQV9BS6U,,,,,39.10910034,-84.60820007,anonymous,EN,,,,,100,31.634,31.634,32.982,1,,,100,100,,34.251,35.919,36.558,2,100,0,,,,18.98,32.835,34.995,3,,,,,75,42.631,45.609,46.487,2,,,,,100,18.329,18.329,19.074,1,100,0,,,,28.9,29.983,30.773,2,100,0,,,,42.006,43.375,49.314,2,,,,,100,1.37,44.997,45.591,2,,,,,100,4.766,45.535,46.213,2,,,100,100,,29.479,31.361,31.892,2,,,100,100,,39.9,42.416,43.363,2,42,High school graduate (high school diploma or equivalent including GED),White,,Male,,1,"$30,000 to $39,999"
3/19/21 12:31,3/19/21 12:37,IP Address,160.129.251.127,100,363,TRUE,3/19/21 12:37,R_3JaVeLpgTypU1V9,,,,,36.15789795,-86.8608017,anonymous,EN,,,,,0,10.438,10.438,12.404,1,,,0,67,,41.557,48.768,50.845,3,0,0,,,,41.286,41.981,44.198,2,,,,,0,29.717,29.717,31.026,1,0,0,,,,38.059,41.895,43.231,3,,,,,0,8.378,8.378,18.577,1,,,71,100,,29.81,41.818,43.287,8,0,0,,,,25.185,26.217,27.588,2,0,0,,,,7.975,11.905,13.7,3,,,,,0,15.96,15.96,20.965,1,0,0,,,,13.972,15.972,20.483,2,36,Bachelor's degree in college (4-year),White,,Male,,0,"$150,000 or more"
3/19/21 12:31,3/19/21 12:37,IP Address,104.238.59.121,100,348,TRUE,3/19/21 12:37,R_2qsVNAYorJzkuGF,,,,,25.77409363,-80.18170166,anonymous,EN,,,77,61,,8.566,17.341,18.7,8,100,62,,,,5.149,12.33,14.025,8,80,73,,,,3.7,6.445,7.734,2,,,0,71,,185.775,197.554,198.44,5,,,,,91,2.336,2.336,4.526,1,,,,,74,5.53,9.11,9.763,3,,,90,81,,3.158,9.091,10.057,5,82,66,,,,4.831,6.6,8.365,2,87,65,,,,7.39,9.188,10.488,2,81,71,,,,2.777,11.966,12.926,8,93,51,,,,3.109,7.408,8.85,2,30,High school graduate (high school diploma or equivalent including GED),Hispanic or Latino,,Male,,5,"$20,000 to $29,999"
3/19/21 12:29,3/19/21 12:37,IP Address,173.81.232.224,100,504,TRUE,3/19/21 12:37,R_3eyHkTNMF1s7Udh,,,,,37.4178009,-81.17949677,anonymous,EN,,,,,20,25.067,25.067,26.287,1,,,35,100,,32.973,34.956,35.872,2,19,0,,,,34.257,38.488,39.654,2,,,,,25,36.269,36.269,38.458,1,,,,,20,22.005,22.005,24.239,1,,,30,95,,35.513,42.359,44.436,2,,,,,25,45.445,45.445,46.518,1,,,30,90,,49.892,57.54,58.656,2,,,,,35,50.615,50.615,51.666,1,,,10,90,,30.247,39.976,42.731,2,30,0,,,,24.235,28.531,29.854,3,54,High school graduate (high school diploma or equivalent including GED),White,,Female,,5,"$40,000 to $49,999"
3/19/21 12:29,3/19/21 12:37,IP Address,23.117.234.97,100,503,TRUE,3/19/21 12:37,R_1ohc4y6Lw6cBI02,,,,,36.84199524,-119.6577988,anonymous,EN,54,7,,,,14.509,17.583,18.408,4,,,50,25,,55.831,69.631,71.298,5,,,,,50,111.111,112.375,113.767,2,,,50,7,,19.914,24.158,25.67,5,,,,,50,21.959,22.636,23.508,2,,,,,56,15.734,16.72,17.819,2,,,,,50,36.18,37.17,38.555,2,,,50,3,,24.264,28.883,29.9,5,,,51,7,,24.461,27.131,28.501,3,0,0,,,,51.963,53.085,54.636,2,,,,,0,33.632,33.632,34.55,1,38,Bachelor's degree in college (4-year),White,,Female,,4,"$150,000 or more"
3/19/21 12:29,3/19/21 12:37,IP Address,74.75.87.223,100,503,TRUE,3/19/21 12:37,R_3kkh0sYsxYeNvod,,,,,42.96299744,-72.29290009,anonymous,EN,,,,,0,13.991,30.736,31.785,15,,,100,100,,3.849,24.845,25.335,48,,,,,0,69.976,69.976,70.763,1,,,,,0,1.078,28.276,28.555,53,0,0,,,,5.787,11.8,56.161,5,,,,,97,16.994,27.049,27.604,8,100,0,,,,36.531,53.832,54.762,24,,,0,0,,15.123,28.321,63.697,6,,,,,100,2.486,36.306,37.042,41,,,,,92,9.397,35.247,35.814,28,,,0,82,,20.132,37.145,38.527,16,35,High school graduate (high school diploma or equivalent including GED),White,,Female,,4,"$10,000 to $19,999"
3/19/21 12:32,3/19/21 12:37,IP Address,75.68.88.130,100,316,TRUE,3/19/21 12:37,R_1mfqlzjRjffjvqm,,,,,42.76679993,-71.40820313,anonymous,EN,,,,,0,2.194,10.4,11.958,2,0,100,,,,21.008,29.178,30.402,3,,,0,100,,2.228,10,11.634,3,,,,,0,2.607,15.166,17.228,2,0,100,,,,1.634,14.576,15.962,4,0,100,,,,8.566,20.948,28.349,3,0,100,,,,2.109,12.986,14.226,5,,,0,100,,11.553,54.285,55.718,5,,,,,0,2.078,4.876,12.05,2,,,,,0,2.037,7.338,16.883,2,,,,,0,35.226,37.457,39.323,2,35,Bachelor's degree in college (4-year),White,,Male,,0,"Less than $10,000"
3/19/21 12:30,3/19/21 12:37,IP Address,97.127.150.107,100,466,TRUE,3/19/21 12:37,R_1NaJLMmeRGATIWV,,,,,40.05369568,-77.52159882,anonymous,EN,50,50,,,,42.569,51.186,52.374,2,,,,,60,17.448,23.129,23.429,3,,,50,100,,26.247,31.164,32.117,3,50,25,,,,23.048,29.36,35.251,6,,,50,100,,13.561,48.242,50.097,3,,,60,100,,27.549,31.004,31.47,5,,,,,50,52.548,52.548,55.764,1,,,60,100,,32.405,37.483,38.335,4,50,50,,,,36.689,39.089,40.051,3,,,50,100,,22.558,24.391,25.344,3,,,50,100,,29.105,32.665,33.866,2,23,High school graduate (high school diploma or equivalent including GED),White,,Male,,1,"Less than $10,000"
3/19/21 12:31,3/19/21 12:37,IP Address,24.118.13.112,100,381,TRUE,3/19/21 12:37,R_1gHnj008w54btmY,,,,,44.95339966,-93.38420105,anonymous,EN,,,,,15,14.934,18.906,20.126,2,,,,,19,17.855,17.855,18.735,1,,,,,60,14.717,20.807,22.213,3,,,20,5,,16.407,20.065,21.173,2,,,,,15,45.175,45.175,46.635,1,40,5,,,,11.06,13.494,14.645,2,,,,,66,13.689,13.689,15.249,1,35,1,,,,14.065,24.479,25.813,3,,,75,100,,18.158,21.629,22.936,2,10,1,,,,11.765,15.516,16.844,4,30,20,,,,100.374,118.498,120.109,2,40,Some college but no degree,White,,Male,,1,"$40,000 to $49,999"
3/19/21 12:31,3/19/21 12:38,IP Address,75.83.84.2,100,387,TRUE,3/19/21 12:38,R_2DLIPNLVhSvy1YG,,,,,34.14729309,-118.8343964,anonymous,EN,10,0,,,,24.552,27.466,28.812,2,,,29,93,,24.379,27.702,33.766,5,,,,,70,20.148,20.148,21.442,1,,,41,67,,27.366,29.787,30.801,2,,,,,43,5.158,5.158,6.293,1,,,63,100,,22.595,24.702,27.009,2,,,,,31,27.513,28.809,29.522,2,,,,,14,28.015,28.015,28.851,1,,,,,29,33.969,33.969,35.469,1,,,,,36,97.088,98.232,98.633,2,,,,,2,15.738,16.437,17.588,2,32,Bachelor's degree in college (4-year),White,,Male,,2,"$80,000 to $89,999"
3/19/21 12:33,3/19/21 12:38,IP Address,68.12.135.79,100,250,TRUE,3/19/21 12:38,R_1P03mbnqZ13CdOK,,,,,35.5144043,-97.58650208,anonymous,EN,89,65,,,,6.155,10.671,16.45,6,,,,,77,10.919,10.919,12.099,1,,,,,82,10.204,11.599,12.384,2,50,50,,,,8.693,14.375,23.027,4,84,42,,,,6.097,7.949,9.332,2,,,,,81,5.14,5.14,6.991,1,,,82,44,,6.158,8.426,10.121,2,91,50,,,,4.788,6.695,8.001,2,79,30,,,,18.734,21.055,34.945,2,67,89,,,,8.581,13.023,14.103,2,38,79,,,,4.892,12.256,13.54,7,35,Master's degree,Black or African American,,Male,,5,"$40,000 to $49,999"
3/19/21 12:31,3/19/21 12:38,IP Address,68.46.45.55,100,431,TRUE,3/19/21 12:38,R_YXmzQ61xLwXjCmJ,,,,,44.95480347,-93.15509796,anonymous,EN,,,100,3,,36.311,45.001,47.756,2,100,0,,,,8.026,20.796,21.72,2,,,,,100,11.843,13.553,25.993,3,100,0,,,,24.482,26.418,27.253,2,,,100,100,,25.062,28.96,29.829,3,,,,,100,16.144,17.358,17.787,2,,,,,100,43.933,47.925,49.305,6,,,,,100,31.819,31.819,32.829,1,100,0,,,,75.067,76.789,77.926,2,,,,,100,5.612,42.347,43.853,2,,,,,100,17.793,17.793,18.884,1,27,Bachelor's degree in college (4-year),White,,Male,,0,"$10,000 to $19,999"
3/19/21 12:29,3/19/21 12:39,IP Address,68.96.236.4,100,556,TRUE,3/19/21 12:39,R_22t2DHEQAiaNaGw,,,,,36.03439331,-114.9704971,anonymous,EN,,,,,79,30.167,30.167,31.7,1,,,,,91,22.431,23.494,24.246,3,,,,,67,67.633,68.943,70.265,3,73,85,,,,39.402,45.098,46.215,3,,,77,95,,49.088,52.394,53.37,3,58,90,,,,32.753,41.146,42.201,3,,,63,97,,28.646,30.749,32.024,2,,,,,92,11.258,18.333,19.356,4,,,,,82,33.083,33.083,34.161,1,,,,,75,32.826,32.826,33.777,1,,,,,19,31.671,31.671,32.987,1,37,Master's degree,White,,Male,,5,"$80,000 to $89,999"
3/19/21 12:33,3/19/21 12:39,IP Address,67.162.195.6,100,327,TRUE,3/19/21 12:39,R_3JCnspOzRLc3tgt,,,,,34.74560547,-92.34190369,anonymous,EN,,,,,0,2.328,2.328,3.762,1,,,100,100,,3.177,51.337,52.433,7,0,0,,,,5.416,14.255,27.349,2,0,0,,,,6.49,61.657,65.686,9,,,,,0,5.849,5.849,12.143,1,,,,,0,2.528,2.528,6.466,1,,,,,0,21.419,21.419,24.502,1,,,,,0,13.384,13.384,14.501,1,,,,,0,34.642,34.642,36.465,1,,,,,0,4.541,4.541,8.238,1,0,0,,,,3.739,5.083,22.63,2,51,Some college but no degree,Other,multiracial,Female,,3,"$70,000 to $79,999"
3/19/21 12:32,3/19/21 12:39,IP Address,173.54.127.217,100,431,TRUE,3/19/21 12:39,R_3JFvGha0eXWmNl7,,,,,40.79379272,-74.4878006,anonymous,EN,59,0,,,,27.561,54.257,66.073,9,53,0,,,,22.838,24.362,28.758,2,73,14,,,,30.75,37.746,39.151,6,,,,,63,19.438,19.826,21.088,2,47,0,,,,10.759,19.425,21.373,5,100,0,,,,10.543,18.879,19.909,3,78,2,,,,60.795,63.144,69.344,2,88,0,,,,21.768,26.047,28.47,5,,,,,91,25.712,27.533,30.118,3,,,,,96,41.588,44.41,50.403,2,,,97,75,,18.231,23.392,24.737,5,30,Bachelor's degree in college (4-year),South Asian,,Male,,2,"$70,000 to $79,999"
3/19/21 12:29,3/19/21 12:39,IP Address,66.69.219.2,100,565,TRUE,3/19/21 12:39,R_22rFPYXr5rwWe1Z,,,,,30.00320435,-97.83969879,anonymous,EN,,,,,24,20.188,24.937,25.295,4,20,0,,,,23.46,33.619,34.454,6,,,,,44,25.139,25.139,37.135,1,,,23,83,,30.322,35.365,36.016,5,,,,,41,14.476,22.59,24.41,11,,,40,80,,34.301,41.272,46.332,2,,,31,80,,36.435,41.829,44.745,5,,,28,75,,50.698,61.137,62.693,2,,,30,83,,32.842,36.301,39.453,5,9,0,,,,62.957,122.768,124.931,3,10,0,,,,20.237,25.197,26.477,3,37,Bachelor's degree in college (4-year),White,,Female,,0,"$10,000 to $19,999"
3/19/21 12:31,3/19/21 12:39,IP Address,70.172.77.37,100,476,TRUE,3/19/21 12:39,R_3nBj9CUg5366ecj,,,,,33.35040283,-111.7819977,anonymous,EN,,,30,0,,38.954,43.386,45.505,3,40,0,,,,26.924,31.558,34.323,3,,,,,20,30.898,32.763,34.389,3,,,40,10,,36.49,40.953,42.627,4,,,30,10,,29.281,43.88,45.255,4,,,90,100,,28.133,32.94,34.466,3,30,10,,,,34.915,40.514,41.993,4,,,,,60,36.445,36.445,38.442,1,60,10,,,,26.649,33.67,34.954,2,30,0,,,,23.116,27.022,28.691,4,,,100,100,,27.22,30.495,31.984,3,73,Master's degree,White,,Male,,3,"$100,000 to $149,999"
3/19/21 12:29,3/19/21 12:39,IP Address,73.149.167.128,100,587,TRUE,3/19/21 12:39,R_D5EzBDLxharNKcF,,,,,42.67640686,-71.31710052,anonymous,EN,0,0,,,,31.843,34.581,35.947,2,,,,,0,29.503,29.503,30.766,1,,,100,100,,41.709,45.666,54.581,2,,,100,100,,45.993,48.334,49.533,2,0,0,,,,25.896,30.031,31.65,4,,,,,0,29.998,32.359,33.354,3,0,100,,,,37.563,40.278,48.668,2,,,,,0,79.617,79.617,112.728,1,0,100,,,,42.223,59.091,60.543,4,,,,,0,36.519,37.785,40.193,2,,,100,100,,34.51,39.617,40.844,3,61,Some college but no degree,White,,Female,,3,"$70,000 to $79,999"
3/19/21 12:32,3/19/21 12:39,IP Address,173.80.228.211,100,432,TRUE,3/19/21 12:39,R_xaMtXSLIutScSUF,,,,,37.84790039,-81.99610138,anonymous,EN,,,100,100,,22.568,29.748,31.004,4,,,,,100,25.879,45.582,47.471,4,100,100,,,,2.184,9.001,10.517,4,,,,,100,13.148,16.334,17.929,2,,,100,100,,3.277,8.601,17.736,3,,,,,100,3.307,7.859,10.715,2,100,100,,,,4.852,17.5,18.901,3,100,100,,,,3.322,8.501,10.022,4,,,,,100,1.415,169.752,171.26,11,100,100,,,,2.663,10.892,12.4,5,100,100,,,,2.356,7.801,9.466,3,55,Bachelor's degree in college (4-year),White,,Female,,7,"$100,000 to $149,999"
3/19/21 12:31,3/19/21 12:39,IP Address,23.126.50.57,100,473,TRUE,3/19/21 12:39,R_2PsYEd07XqxJiDI,,,,,32.84449768,-96.82189941,anonymous,EN,60,0,,,,32.937,35.865,37.121,2,30,0,,,,29.519,39.1,41.906,3,,,,,70,33.627,33.627,35.072,1,,,,,71,43.505,43.505,44.167,1,,,88,95,,26.121,30.121,31.71,2,,,,,100,27.938,27.938,28.707,1,,,93,88,,41.226,65.928,66.621,3,,,,,85,36.068,36.068,37.785,1,,,90,95,,38.921,44.079,44.662,2,,,73,82,,30.649,34.553,35.836,2,,,99,99,,24.027,30.698,31.333,3,31,Doctoral degree,White,,Male,,0,"$50,000 to $59,999"
3/19/21 12:30,3/19/21 12:39,IP Address,67.168.160.235,100,572,TRUE,3/19/21 12:39,R_3JEMaqNSJQfxrIR,,,,,47.73460388,-122.3479004,anonymous,EN,59,4,,,,35.153,40.75,43.471,3,,,50,72,,42.988,48.022,50.483,2,34,4,,,,34.843,38.383,39.907,3,79,14,,,,31.049,34.197,36.043,2,,,59,63,,29.998,34.191,35.415,2,,,86,64,,37.581,43.031,44.65,3,,,79,68,,48.219,52.784,55.035,3,80,77,,,,54.129,59.807,62.363,2,,,,,82,46.969,46.969,48.882,1,,,,,86,42.123,44.954,46.467,2,81,21,,,,32.638,35.624,37.934,2,66,Some college but no degree,White,,Male,,2,"$10,000 to $19,999"
3/19/21 12:31,3/19/21 12:39,IP Address,208.79.244.79,100,522,TRUE,3/19/21 12:39,R_3OZH4RlIoorjywh,,,,,38.55690002,-121.3627014,anonymous,EN,,,,,0,0.975,24.221,24.826,10,0,0,,,,1.055,9.664,10.137,6,,,,,0,0.881,267.757,268.246,15,,,,,13,1.993,36.51,37.186,14,,,,,0,1.16,6.858,7.933,4,0,0,,,,0.864,15.861,16.261,7,0,0,,,,0.769,12.574,13.007,10,80,0,,,,0.786,10.575,11.523,10,,,,,12,1.165,63.678,64.126,18,,,,,62,0.912,12.344,13.663,5,13,9,,,,1.487,25.434,26.365,14,25,Bachelor's degree in college (4-year),White,,Female,,3,"$30,000 to $39,999"
3/19/21 12:33,3/19/21 12:39,IP Address,23.240.154.79,100,390,TRUE,3/19/21 12:39,R_12xKTGL3K89dEnQ,,,,,34.28269958,-118.8874969,anonymous,EN,0,0,,,,11.525,12.656,14.65,2,,,,,10,18.5,18.5,19.791,1,,,95,100,,20.212,24.473,25.771,4,10,0,,,,33.287,53.508,55.551,6,,,5,0,,12.892,13.76,16.422,2,,,5,0,,21.083,25.078,26.853,3,,,5,0,,34.749,39.674,42.893,3,,,,,65,16.497,16.497,19.076,1,35,0,,,,32.069,34.358,35.748,2,0,0,,,,23.568,24.434,26.242,2,,,,,85,23.092,23.092,24.067,1,39,Associate degree in college (2-year),White,,Female,,6,"$50,000 to $59,999"
3/19/21 12:33,3/19/21 12:39,IP Address,98.117.29.151,100,415,TRUE,3/19/21 12:39,R_PAIDV5MBEzwvQPv,,,,,40.34039307,-76.78820038,anonymous,EN,,,,,40,59.176,59.176,59.999,1,,,100,100,,25.213,29.2,30.09,5,70,0,,,,39.248,43.544,43.878,3,,,,,10,49.091,49.091,50.025,1,,,,,15,10.546,13.842,15.014,2,,,,,90,24.295,24.295,25.156,1,,,30,0,,36.312,38.665,39.872,2,50,0,,,,34.398,36.42,37.361,2,60,0,,,,17.996,19.644,20.443,2,,,,,80,32.229,34.057,35.363,4,,,,,20,21.278,22.392,23.683,2,30,Bachelor's degree in college (4-year),White,,Male,,1,"$50,000 to $59,999"
3/19/21 12:33,3/19/21 12:40,IP Address,65.78.109.183,100,382,TRUE,3/19/21 12:40,R_NXvupduTsYzaZ2x,,,,,40.59950256,-75.376297,anonymous,EN,,,,,1,15.792,15.792,17.482,1,,,,,1,24.945,24.945,26.268,1,,,60,95,,23.5,32.367,34.68,3,1,0,,,,19.538,21.283,23.668,2,,,99,100,,13.649,17.056,18.709,3,,,,,1,28.238,28.238,29.85,1,1,0,,,,26.028,34.562,36.716,2,,,,,1,56.927,56.927,58.405,1,,,60,90,,27.398,31.299,33.233,4,,,97,100,,26.125,31.237,32.606,3,1,0,,,,23.159,32.979,35.129,2,43,Doctoral degree,White,,Male,,0,"$50,000 to $59,999"
3/19/21 12:32,3/19/21 12:39,IP Address,73.164.55.30,100,456,TRUE,3/19/21 12:40,R_22QzHSsnZqh2YHv,,,,,45.01960754,-93.24019623,anonymous,EN,46,2,,,,25.215,26.693,27.401,2,,,77,69,,139.706,151.005,151.922,6,36,2,,,,23.831,25.843,26.58,2,,,66,49,,26.408,28.208,29.042,2,,,92,2,,1.35,24.993,28.838,4,,,89,70,,13.401,14.955,16.258,2,82,4,,,,31.117,36.555,37.632,2,14,1,,,,36.209,37.631,38.475,2,89,10,,,,22.198,23.778,24.897,2,,,86,7,,23.295,24.797,25.821,2,,,,,83,2.433,25.5,26.474,3,30,Bachelor's degree in college (4-year),White,,Male,,1,"$20,000 to $29,999"
3/19/21 12:31,3/19/21 12:40,IP Address,99.109.255.169,100,533,TRUE,3/19/21 12:40,R_2tFG5wxuWRO0ZxV,,,,,42.9282074,-85.54730225,anonymous,EN,,,55,55,,35.262,52.455,53.839,3,,,,,6,23.626,23.626,31.574,1,0,0,,,,49.566,51.415,53.276,2,,,,,19,30.55,41.452,78.352,6,0,0,,,,17.214,19.018,20.544,2,0,0,,,,15.474,16.934,18.781,2,,,,,60,37.84,37.84,40.029,1,,,,,40,38.102,38.102,39.787,1,,,85,100,,23.139,25.717,26.648,2,,,,,45,51.008,51.008,52.321,1,,,40,85,,28.404,34.449,35.652,3,26,Bachelor's degree in college (4-year),White,,Male,,1,"$60,000 to $69,999"
3/19/21 12:29,3/19/21 12:40,IP Address,174.60.220.122,100,608,TRUE,3/19/21 12:40,R_2zx4xviEhBIWage,,,,,39.95170593,-76.70639801,anonymous,EN,,,,,40,36.898,70.698,71.466,6,0,0,,,,27.608,32.288,32.569,4,60,0,,,,20.208,27.95,28.776,4,25,0,,,,32.478,46.171,47.916,4,,,60,100,,10.458,40.505,42.691,4,,,90,100,,23.761,30.995,32.069,4,,,80,100,,45.339,66.706,67.563,7,90,0,,,,18.656,84.306,92.081,7,,,80,100,,25.074,32.724,38.676,3,,,,,15,48.798,65.363,66.862,4,,,25,100,,26.444,43.956,45.473,4,30,Bachelor's degree in college (4-year),White,,Female,,1,"$10,000 to $19,999"
3/19/21 12:30,3/19/21 12:40,IP Address,50.32.107.30,100,594,TRUE,3/19/21 12:40,R_2SjZs3SJ0ICFYtR,,,,,41.53489685,-75.94719696,anonymous,EN,,,70,100,,30.5,36.828,37.126,9,5,0,,,,37.234,38.666,39.958,2,,,80,100,,46.1,53.452,54.994,5,70,0,,,,45.594,49.381,53.028,5,50,0,,,,42.554,44.246,46.812,4,50,0,,,,38.876,41.699,43.023,3,,,,,50,52.425,67.165,68.772,2,50,0,,,,83.516,87.555,89.058,3,,,,,80,28.803,28.803,30.185,1,5,0,,,,37.315,40.71,42.005,3,,,50,100,,15.799,37.599,38.803,6,44,Bachelor's degree in college (4-year),White,,Female,,3,"$70,000 to $79,999"
3/19/21 12:32,3/19/21 12:40,IP Address,47.36.107.6,100,434,TRUE,3/19/21 12:40,R_PUstJznmz0rIJUt,,,,,39.5381012,-119.8365021,anonymous,EN,,,47,17,,39.016,40.135,40.797,2,94,10,,,,31.772,33.29,34.235,2,100,50,,,,40.187,47.946,49.371,2,,,73,73,,28.618,35.252,36.038,3,15,9,,,,12.811,13.838,15.136,2,51,22,,,,33.306,36.386,37.557,3,,,,,95,45.03,47.063,47.697,3,,,84,77,,49.41,51.627,51.988,3,,,100,100,,30.309,31.818,34.332,2,,,,,100,30.697,30.697,31.977,1,100,21,,,,23.045,26.258,26.953,3,47,High school graduate (high school diploma or equivalent including GED),White,,Male,,4,"$100,000 to $149,999"
3/19/21 12:32,3/19/21 12:40,IP Address,24.10.33.236,100,478,TRUE,3/19/21 12:40,R_w5Dsl6MmEvaG7bX,,,,,39.80679321,-121.8670044,anonymous,EN,,,,,40,1.255,18.61,22.437,3,20,0,,,,20.459,37.298,42.677,9,25,0,,,,27.543,38.526,39.767,5,,,40,85,,1.22,40.407,42.951,4,,,,,40,0.996,15.88,22.756,2,,,,,50,21.244,22.788,24.519,2,,,,,30,33.697,35.128,37.018,2,,,60,100,,32.853,35.973,41.449,3,,,35,95,,1.193,32.925,35.032,5,,,45,100,,1.295,42.066,44.071,8,30,15,,,,38.506,49.023,50.696,4,23,Bachelor's degree in college (4-year),White,,Female,,1,"$70,000 to $79,999"
3/19/21 12:33,3/19/21 12:40,IP Address,172.251.66.24,100,414,TRUE,3/19/21 12:40,R_305ZXPLyRhiUN67,,,,,33.76150513,-118.0763016,anonymous,EN,,,26,51,,181.468,187.218,187.86,6,41,60,,,,107.407,114.67,115.436,6,,,22,22,,3.731,7.719,8.504,4,,,58,50,,4.579,19.142,20.03,4,,,,,47,2.333,2.333,3.072,1,,,,,73,3.193,11.026,11.592,5,,,58,36,,0.515,14.681,15.302,8,,,32,68,,2.678,7.282,8.891,4,,,,,30,2.311,5.031,5.718,4,,,26,32,,5.267,7.967,8.677,3,52,24,,,,2.4,6.309,6.97,4,28,Bachelor's degree in college (4-year),White,,Male,,2,"$30,000 to $39,999"
3/19/21 12:31,3/19/21 12:40,IP Address,198.177.95.129,100,563,TRUE,3/19/21 12:40,R_3nMY3djPGFkHJVi,,,,,42.99530029,-88.03800201,anonymous,EN,,,70,55,,44.493,59.486,60.843,5,,,,,70,33.25,38.06,38.754,3,,,95,100,,45.169,49.073,50.156,3,,,,,45,44.739,47.857,49.755,2,45,0,,,,24.827,34.428,35.485,4,,,,,80,35.203,41.522,43.43,4,70,15,,,,55.461,65.487,66.644,4,75,0,,,,42.041,47.739,48.9,6,,,70,90,,38.127,47.504,48.524,4,,,85,100,,33.983,43.229,44.441,5,85,0,,,,29.02,37.321,39.149,4,36,Associate degree in college (2-year),White,,Male,,5,"$50,000 to $59,999"
3/19/21 12:29,3/19/21 12:40,IP Address,73.43.229.30,100,644,TRUE,3/19/21 12:40,R_2zGw5FU8i2L4M2F,,,,,33.91349792,-84.68589783,anonymous,EN,,,,,40,36.179,36.179,40.023,1,20,5,,,,29.767,31.294,35.207,2,,,,,70,28.467,31.622,32.76,2,,,,,35,5.257,38.42,45.184,2,20,5,,,,23.378,29.306,33.146,4,,,80,90,,27.686,40.528,40.763,4,,,70,95,,43.414,48.316,58.451,2,,,65,95,,43.937,50.74,55.52,2,,,,,75,36.481,47.775,50.85,2,25,5,,,,28.23,32.231,35.352,3,30,10,,,,17.804,29.98,33.858,5,33,High school graduate (high school diploma or equivalent including GED),White,,Female,,1,"$30,000 to $39,999"
3/19/21 12:32,3/19/21 12:40,IP Address,107.216.225.130,100,505,TRUE,3/19/21 12:40,R_snGFzBzvGYDu7KN,,,,,38.49569702,-121.5348053,anonymous,EN,,,98,0,,37.354,39.799,42.085,2,,,,,100,24.015,24.015,24.836,1,,,,,100,23.301,24.029,25.203,2,,,,,100,52.885,52.885,53.713,1,,,,,100,13.789,13.789,14.719,1,93,0,,,,27.36,30.271,31.645,2,,,,,100,34.119,34.119,34.881,1,,,,,95,149.881,149.881,151.098,1,100,0,,,,21.598,25.044,26.545,3,,,,,100,35.727,35.727,36.588,1,,,,,100,21.995,21.995,22.768,1,53,Master's degree,East Asian,,Male,,5,"$100,000 to $149,999"
3/19/21 12:33,3/19/21 12:40,IP Address,76.170.56.253,100,422,TRUE,3/19/21 12:40,R_25tItiXOGCSWNCs,,,,,34.06750488,-118.3520966,anonymous,EN,70,10,,,,8.592,26.721,28.069,3,,,,,60,11.205,14.735,15.857,2,,,,,50,3.749,32.275,33.335,3,,,70,10,,3.14,29.168,30.677,9,70,5,,,,8.088,14.939,15.945,3,,,90,90,,4.68,28.709,39.961,5,,,,,60,9.075,14.809,19.935,2,,,,,61,4.313,19.196,20.699,3,70,80,,,,9.221,112.713,114.322,3,,,70,6,,9.005,29.521,30.785,4,,,80,50,,8.193,33.557,35.059,4,32,Master's degree,East Asian,,Male,,4,"$150,000 or more"
3/19/21 12:39,3/19/21 12:40,IP Address,24.243.230.138,100,84,TRUE,3/19/21 12:40,R_2af64JyrLTVI7ZZ,,,,,31.19929504,-97.93039703,anonymous,EN,,,,,48,27.132,27.132,27.728,1,,,55,44,,0.97,1.789,2.745,3,,,66,65,,0.946,1.994,2.859,3,,,,,56,0.98,1.602,2.232,2,,,49,53,,1.123,1.88,2.598,3,65,51,,,,0.783,1.539,2.115,3,69,55,,,,1.008,2.702,3.638,4,48,45,,,,1.027,2.223,3.049,3,,,50,47,,0.867,1.758,2.446,3,,,,,54,0.827,1.518,2.1,2,55,56,,,,0.916,1.185,1.874,2,43,High school graduate (high school diploma or equivalent including GED),White,,Female,,4,"$40,000 to $49,999"
3/19/21 12:33,3/19/21 12:40,IP Address,173.23.42.244,100,425,TRUE,3/19/21 12:40,R_1FtXNsaTOClL5VE,,,,,42.08070374,-88.51699829,anonymous,EN,,,0,50,,13.286,29.613,46.175,2,,,0,50,,12.474,27.998,29.919,2,,,,,0,14.95,14.95,15.958,1,,,0,50,,26.569,35.343,36.193,3,,,,,0,17.081,17.081,17.948,1,,,0,50,,9.944,48.875,52.31,6,0,0,,,,25.335,44.685,64.415,3,0,0,,,,27.644,28.717,29.796,2,,,0,50,,23.143,34.873,40.603,3,,,0,50,,17.049,19.334,21.11,2,,,,,0,15.501,15.501,16.548,1,41,Associate degree in college (2-year),"White,Hispanic or Latino",,Female,,4,"$50,000 to $59,999"
3/19/21 12:31,3/19/21 12:40,IP Address,12.188.52.245,100,539,TRUE,3/19/21 12:40,R_1djgeuPUbD51D1N,,,,,26.1374054,-80.16840363,anonymous,EN,,,,,35,24.406,33.574,34.74,4,40,10,,,,4.683,34.827,35.676,10,,,,,100,10.092,32.353,33.829,7,,,50,80,,28.404,62.802,63.509,14,,,85,100,,18.216,32.406,33.865,6,,,75,100,,14.475,37.697,38.45,11,,,90,100,,22.516,60.166,61.733,13,,,,,80,1.236,39.242,42.187,9,,,,,75,2.434,32.104,34.505,7,,,,,80,1.414,68.272,70.062,18,50,10,,,,1.491,41.568,42.395,8,30,Associate degree in college (2-year),Hispanic or Latino,,Male,,2,"$40,000 to $49,999"
3/19/21 12:32,3/19/21 12:41,IP Address,75.60.2.225,100,551,TRUE,3/19/21 12:41,R_1PdB9FQXIZH14Pw,,,,,33.99549866,-84.65809631,anonymous,EN,,,20,0,,53.531,57.924,58.807,2,55,0,,,,16.65,20.788,21.721,3,81,0,,,,184.689,247.921,249.016,5,,,,,86,33.483,33.483,34.525,1,12,0,,,,9.337,14.875,15.774,3,,,,,100,12.691,12.691,13.349,1,93,13,,,,33.527,35.337,36.147,2,100,0,,,,21.277,23.72,24.066,3,,,100,96,,25.032,27.919,28.189,3,,,,,96,27.415,27.415,28.287,1,,,,,77,13.178,15.004,15.785,4,20,Some college but no degree,East Asian,,Male,,3,"$30,000 to $39,999"
3/19/21 12:30,3/19/21 12:41,IP Address,67.189.50.183,100,639,TRUE,3/19/21 12:41,R_29s3Z4EoxKKbcTk,,,,,45.48049927,-122.6362991,anonymous,EN,20,0,,,,11.601,20.889,21.493,3,5,5,,,,58.794,67.176,70.593,2,,,,,10,24.801,29.184,29.941,2,0,0,,,,64.531,65.384,66.206,2,,,25,90,,39.877,48.954,49.474,3,,,,,29,13.595,22.011,23.445,2,,,25,100,,62.794,87.071,88.04,5,15,0,,,,23.515,25.487,26.319,2,,,,,20,13.771,13.771,14.778,1,,,20,68,,90.924,102.289,103.434,2,,,,,0,113.622,113.622,114.633,1,29,Bachelor's degree in college (4-year),White,,Male,,3,"$90,000 to $99,999"
3/19/21 12:33,3/19/21 12:41,IP Address,174.198.86.43,100,458,TRUE,3/19/21 12:41,R_2To95rBw9VWGq9R,,,,,41.6381073,-93.62030029,anonymous,EN,,,,,70,6.401,59.447,60.472,5,,,,,94,2.634,36.375,37.183,11,67,0,,,,3.005,30.256,35.922,12,,,82,31,,2.044,27.514,28.68,13,62,0,,,,6.171,30.828,31.97,12,,,85,98,,2.111,37.317,38.199,18,,,,,76,2.078,39.52,40.588,8,,,,,76,2.635,33.405,34.486,7,,,,,83,3.984,27.653,28.512,8,71,4,,,,3.108,25.159,26.214,13,79,0,,,,2.046,20.652,21.98,14,44,Bachelor's degree in college (4-year),White,,Male,,5,"$60,000 to $69,999"
3/19/21 12:31,3/19/21 12:41,IP Address,72.85.20.32,100,583,TRUE,3/19/21 12:41,R_cFIZPzF2lolAHq9,,,,,39.37330627,-76.72789764,anonymous,EN,20,0,,,,26.804,36.572,37.581,4,,,,,2,26.697,30.893,32.097,4,,,90,100,,25.913,46.584,47.534,8,50,3,,,,27.485,41.534,42.567,7,2,1,,,,16.703,26.478,28.588,7,9,1,,,,24.352,46.766,47.888,11,,,90,100,,30.49,56.617,57.451,9,,,90,100,,33.948,58.291,61.314,10,,,80,100,,26.009,42.843,43.743,6,,,,,90,28.834,45.298,46.068,3,4,2,,,,25.814,33.859,35.067,6,66,"Professional degree (JD, MD)",White,,Male,,1,"$100,000 to $149,999"
3/19/21 12:34,3/19/21 12:41,IP Address,71.13.172.210,100,442,TRUE,3/19/21 12:41,R_3fH23dRklG9HFxM,,,,,45.47189331,-91.1088028,anonymous,EN,,,88,31,,43.502,49.167,50.002,3,72,0,,,,72.707,77.212,78.235,3,77,0,,,,22.229,25.03,26.428,3,,,100,74,,24.736,26.981,30.105,4,73,0,,,,14.379,17.469,18.303,3,,,100,100,,23.175,25.661,26.308,3,,,,,100,39.905,42.293,43.15,5,,,100,100,,35.798,38.916,39.484,3,100,0,,,,24.283,27.55,28.451,3,74,0,,,,20.51,25.672,27,6,,,100,100,,21.001,24.496,25.451,3,53,Master's degree,"White,Hispanic or Latino",,Male,,4,"$70,000 to $79,999"
3/19/21 12:32,3/19/21 12:41,IP Address,24.116.189.95,100,530,TRUE,3/19/21 12:41,R_9TEZiEDYwdK398R,,,,,30.39390564,-89.03679657,anonymous,EN,,,15,50,,45.958,53.97,55.515,3,,,0,0,,51.282,55.781,57.553,4,,,,,0,28.949,28.949,30.711,1,,,0,8,,35.082,40.8,42.654,3,0,0,,,,24.883,26.032,28.076,2,,,10,50,,33.737,38.396,41.666,2,,,15,50,,51.092,54.829,57.409,2,,,1,2,,36.084,50.309,51.017,3,0,0,,,,46.764,48.735,50.158,2,,,21,80,,40.583,46.144,47.137,3,,,,,0,18.937,18.937,20.394,1,25,High school graduate (high school diploma or equivalent including GED),Black or African American,,Male,,0,"$90,000 to $99,999"
3/19/21 12:32,3/19/21 12:41,IP Address,71.91.144.186,100,551,TRUE,3/19/21 12:41,R_6WK2G7TGwjN60Vz,,,,,30.51159668,-92.39849854,anonymous,EN,,,,,100,1.972,13.54,14.512,5,,,,,98,2.015,13.33,14.405,2,,,,,61,1.613,5.259,6.663,2,100,0,,,,2.476,18.259,18.988,5,100,0,,,,2.256,11.985,40.275,4,,,,,72,1.903,48,48.702,4,,,,,100,2.651,27.48,28.118,3,,,,,100,1.529,9.245,10.691,2,,,,,100,2.966,20.165,21.02,4,,,,,100,3.553,54.112,54.872,3,,,,,100,2.044,11.345,11.771,4,24,High school graduate (high school diploma or equivalent including GED),Black or African American,,Male,,4,"$80,000 to $89,999"
3/19/21 12:31,3/19/21 12:41,IP Address,69.254.204.195,100,602,TRUE,3/19/21 12:41,R_T7OdkuOnIEpA65P,,,,,32.30389404,-110.8367996,anonymous,EN,,,100,95,,34.466,39.224,40.557,2,,,,,100,36.632,36.632,37.943,1,,,,,100,26.997,26.997,29.354,1,,,,,92,59.252,59.252,60.945,1,,,,,100,24.566,33.95,35.726,2,100,50,,,,69.308,77.689,79.427,2,,,,,100,49.16,49.16,50.132,1,,,,,100,78.14,79.087,80.027,2,,,100,100,,24.55,29.628,35.806,4,,,,,100,30.34,30.34,31.21,1,,,,,50,1.364,43.869,45.562,12,36,Bachelor's degree in college (4-year),White,,Female,,2,"$80,000 to $89,999"
3/19/21 12:30,3/19/21 12:41,IP Address,174.203.41.171,100,669,TRUE,3/19/21 12:41,R_XFbWjH1MkMtCEtH,,,,,30.45489502,-90.9029007,anonymous,EN,,,,,65,27.179,27.179,27.936,1,,,35,90,,97.603,110.533,111.833,8,10,5,,,,71.505,80.069,81.036,3,,,,,44,42.915,42.915,43.9,1,,,,,10,17.1,17.1,18.771,1,,,,,34,19.349,22.021,23.048,2,,,40,90,,54.739,59.313,60.159,4,50,10,,,,39.774,55.188,56.363,2,,,,,60,123.858,123.858,124.67,1,5,0,,,,30.681,33.548,34.958,2,,,,,10,33.497,34.714,35.649,2,49,Bachelor's degree in college (4-year),White,,Female,,3,"$80,000 to $89,999"
3/19/21 12:32,3/19/21 12:42,IP Address,68.112.112.176,100,604,TRUE,3/19/21 12:42,R_1IRZ7yDQkEkkEOW,,,,,43.90010071,-91.2276001,anonymous,EN,26,0,,,,43.361,50.121,51.07,4,0,0,,,,2.144,38.549,39.754,5,11,0,,,,2.633,37.595,38.785,6,,,,,22,3.072,47.865,48.811,4,0,0,,,,32.264,49.713,52.782,4,,,,,63,2.689,33.883,34.842,4,,,66,100,,4.487,59.891,60.72,7,,,,,73,2.524,78.075,79.602,4,43,0,,,,2.481,47.308,48.288,5,,,,,32,2.494,31.907,32.972,4,18,32,,,,2.254,54.74,56.141,8,33,Master's degree,White,,Male,,3,"$70,000 to $79,999"
3/19/21 12:32,3/19/21 12:42,IP Address,65.118.16.97,100,554,TRUE,3/19/21 12:42,R_7NSGTaEG0SUsI3D,,,,,37.8065033,-85.459198,anonymous,EN,,,57,22,,21.876,37.85,38.803,6,,,87,95,,2.596,51.495,52.027,6,61,22,,,,42.764,48.219,49.708,3,,,,,70,43.15,44.331,45.54,2,30,0,,,,6.817,46.359,47.342,6,,,,,56,18.68,28.365,31.88,8,,,70,63,,34.902,81.437,83.019,8,,,,,78,30.207,31.221,32.371,2,72,46,,,,26.745,41.571,42.555,8,,,64,37,,39.548,43.716,44.601,6,,,84,76,,26.387,33.908,34.924,7,23,Associate degree in college (2-year),"White,Middle Eastern or North African,Black or African American,Native American or Alaska Native,Southeast Asian",,Female,,5,"$70,000 to $79,999"
3/19/21 12:30,3/19/21 12:42,IP Address,98.27.209.160,100,690,TRUE,3/19/21 12:42,R_3gRvGYnXtNJAQzl,,,,,41.6867981,-81.33989716,anonymous,EN,,,,,83,33.696,39.736,40.982,3,,,61,92,,44.793,66.55,67.58,5,,,80,87,,33.354,69.189,70.133,6,,,,,74,44.025,58.344,61.085,3,,,,,92,16.498,19.57,21.755,3,14,10,,,,29.64,67.623,70.83,4,,,86,93,,35.568,56.402,60.194,8,80,10,,,,48.54,57.703,59.302,4,,,,,82,39.129,46.104,47.458,2,,,,,75,52.796,55.554,56.576,2,,,,,9,47.567,51.918,53.489,3,48,Associate degree in college (2-year),White,,Male,,3,"$50,000 to $59,999"
3/19/21 12:34,3/19/21 12:42,IP Address,63.160.142.123,100,495,TRUE,3/19/21 12:42,R_wRbilhB55iSHvyN,,,,,37.75100708,-97.8219986,anonymous,EN,,,10,46,,6.654,30.461,32.287,7,,,10,71,,22.028,96.822,98.406,17,,,5,20,,0.297,74.58,75.745,3,10,43,,,,3.33,31.62,33.225,9,6,40,,,,6.638,21.825,23.024,5,29,51,,,,2.491,23.715,24.674,6,,,,,20,6.065,15.6,16.628,4,,,,,10,6.286,15.946,17.35,4,,,19,36,,9.189,28.365,29.596,5,,,,,30,8.395,18.428,23.146,4,,,,,51,30.413,40.787,41.864,3,39,Bachelor's degree in college (4-year),White,,Male,,6,"$20,000 to $29,999"
3/19/21 12:33,3/19/21 12:42,IP Address,24.55.155.66,100,558,TRUE,3/19/21 12:42,R_2EFrlbMqIeuXp0b,,,,,40.50219727,-75.70149994,anonymous,EN,,,,,49,12.311,21.734,24.62,5,,,12,4,,31.588,54.22,55.118,9,27,25,,,,21.944,43.708,44.371,10,18,9,,,,24.448,42.684,43.061,10,,,52,88,,18.812,38.563,39.09,9,69,59,,,,31.544,44.31,44.69,7,,,,,69,32.059,53.397,54.263,10,44,28,,,,15.531,34.16,35.293,10,38,71,,,,30.784,53.69,54.056,9,,,72,54,,15.407,29.442,30.951,9,,,,,68,10.541,28.285,30.107,7,55,Some college but no degree,White,,Female,,3,"$70,000 to $79,999"
3/19/21 12:33,3/19/21 12:42,IP Address,173.172.83.15,100,525,TRUE,3/19/21 12:42,R_pskGMMSQ0KbXigN,,,,,39.05369568,-94.59059906,anonymous,EN,,,94,100,,43.221,49.35,50.839,4,,,96,99,,34.383,38.555,40.268,3,,,99,99,,36.063,41.024,42.35,3,,,98,90,,35.326,40.93,42.134,4,92,13,,,,24.862,28,29.919,2,,,90,99,,34.753,38.791,39.84,2,,,,,99,43.361,43.361,45.138,1,,,,,96,42.095,42.095,43.351,1,98,22,,,,31.378,34.871,36.053,2,,,,,95,41.822,42.941,44.191,2,,,100,100,,31.781,36.623,38.054,3,48,High school graduate (high school diploma or equivalent including GED),White,,Male,,1,"$10,000 to $19,999"
3/19/21 12:31,3/19/21 12:42,IP Address,47.25.150.114,100,650,TRUE,3/19/21 12:42,R_2tsu0eACf4z6Tl9,,,,,46.5921936,-120.5299988,anonymous,EN,,,,,70,39.956,39.956,43.877,1,,,80,100,,43.793,49.381,56.248,4,60,0,,,,50.924,60.561,64.07,3,,,,,45,48.79,48.79,54.485,1,40,0,,,,22.718,30.144,33.28,5,,,95,100,,35.768,43.996,46.016,3,75,0,,,,52.883,56.568,59.496,2,,,80,100,,73.304,84.769,87.188,2,,,,,55,50.746,50.746,54.6,1,,,70,100,,42.239,45.362,50.182,2,,,,,90,36.606,42.197,44.54,7,44,Some college but no degree,"White,Hispanic or Latino",,Male,,0,"$40,000 to $49,999"
3/19/21 12:31,3/19/21 12:42,IP Address,98.144.66.167,100,690,TRUE,3/19/21 12:42,R_3hF7hcAJ8jjONZz,,,,,43.06480408,-88.09449768,anonymous,EN,45,20,,,,30.969,38.109,40.205,3,,,,,75,37.732,40.969,42.723,4,,,55,75,,46.11,65.626,68.162,4,40,9,,,,102.933,109.003,111.094,3,,,,,60,27.039,31.747,33.424,2,,,50,65,,40.008,45.366,46.865,4,65,21,,,,60.669,65.444,67.404,2,,,,,40,55.813,57.289,60.209,4,81,20,,,,36.837,39.937,41.865,2,,,30,90,,53.113,58.268,60.647,2,70,16,,,,59.154,77.747,79.83,3,22,Some college but no degree,White,,Male,,5,"$90,000 to $99,999"
3/19/21 12:30,3/19/21 12:42,IP Address,69.141.11.210,100,749,TRUE,3/19/21 12:42,R_1ou31WOspjiJOqQ,,,,,39.27330017,-74.58760071,anonymous,EN,75,13,,,,1.695,53.765,54.21,13,,,,,83,12.725,36.688,37.261,11,,,60,80,,34.284,98.819,99.483,14,,,,,76,72.684,116.032,118.393,14,,,,,83,1.874,24.975,26.624,19,,,87,100,,2.66,47.753,48.295,21,70,13,,,,31.92,78.501,79.657,17,,,81,100,,33.187,64.814,65.512,15,,,51,95,,2.419,51.933,52.474,22,,,,,80,31.879,54.934,55.525,8,,,91,100,,30.547,42.599,43.042,8,35,Some college but no degree,White,,Female,,1,"$20,000 to $29,999"
3/19/21 12:32,3/19/21 12:42,IP Address,67.86.130.28,100,627,TRUE,3/19/21 12:42,R_1LXMqLNYNLl8bWn,,,,,40.67399597,-73.9701004,anonymous,EN,51,2,,,,1.221,20.284,21.431,5,,,,,74,3.827,7.641,8.288,3,,,58,3,,1.254,21.295,22.075,3,62,5,,,,79.302,86.454,86.978,4,,,,,27,5.639,11.601,12.533,3,,,,,94,1.46,21.502,22.203,3,,,91,75,,1.143,40.272,41.364,4,51,2,,,,2.307,85.461,86.408,6,,,,,80,5.156,27.103,28.352,4,,,40,94,,2.51,88.212,89.063,4,,,,,8,6.719,29.957,30.547,3,29,Bachelor's degree in college (4-year),White,,Female,,2,"$30,000 to $39,999"
3/19/21 12:33,3/19/21 12:42,IP Address,174.230.29.80,100,565,TRUE,3/19/21 12:42,R_oXnuIEbX5cCOEMx,,,,,42.68299866,-83.38800049,anonymous,EN,,,91,51,,28.651,30.691,31.95,4,,,,,50,3.595,6.191,8.582,2,85,48,,,,133.834,137.842,138.827,8,,,,,50,8.5,9.103,13.951,2,,,,,51,8.547,10.345,13.283,5,,,100,100,,57.226,63.549,64.361,6,,,100,100,,108.114,109.463,110.385,3,74,46,,,,11.722,13.89,14.781,3,,,,,100,20.725,20.725,21.471,1,,,98,100,,18.304,22.115,23.164,7,50,52,,,,79.348,81.343,89.2,2,36,Bachelor's degree in college (4-year),White,,Female,,4,"$20,000 to $29,999"
3/19/21 12:31,3/19/21 12:42,IP Address,99.99.197.153,100,667,TRUE,3/19/21 12:42,R_1rHAsvkXgB13wHu,,,,,32.65870667,-97.16169739,anonymous,EN,,,100,100,,2.905,62.793,64.163,6,,,,,95,2.759,28.524,30.007,6,,,100,100,,43.49,53.151,56.137,4,75,0,,,,3.135,39.213,42.06,5,,,,,90,19.659,24.324,27.813,3,,,80,90,,2.015,55.934,57.434,5,,,100,100,,1.822,70.621,72.053,6,100,0,,,,1.707,77.153,78.672,5,80,0,,,,2.561,49.754,51.946,6,,,,,90,3.357,58.095,61.016,4,,,,,20,31.968,51.898,53.18,4,50,Bachelor's degree in college (4-year),White,,Male,,6,"$100,000 to $149,999"
3/19/21 12:31,3/19/21 12:43,IP Address,70.176.80.9,100,698,TRUE,3/19/21 12:43,R_3Kqg610YrUFqILc,,,,,31.85490417,-111.0084991,anonymous,EN,,,,,91,25.589,25.589,27.261,1,,,,,93,38.393,38.393,39.209,1,,,,,98,29.417,29.417,30.251,1,81,0,,,,47.862,50.698,53.374,2,20,0,,,,32.976,39.388,48.678,2,,,,,90,35.208,35.208,36.173,1,,,,,95,174.268,174.268,175.573,1,,,81,100,,52.734,64.134,65.495,3,,,,,90,35.079,35.079,35.912,1,,,,,91,41.343,44.178,45.054,2,,,,,97,34.332,34.332,35.285,1,70,Bachelor's degree in college (4-year),White,,Female,,0,"$30,000 to $39,999"
3/19/21 12:32,3/19/21 12:43,IP Address,71.9.180.235,100,646,TRUE,3/19/21 12:43,R_3MaDTS9PooVdwSV,,,,,35.71629333,-86.90930176,anonymous,EN,,,,,90,29.281,29.281,30.557,1,,,,,90,39.891,39.891,41.451,1,,,,,40,36.36,52.626,54.713,2,,,100,100,,49.724,54.492,58.221,2,90,0,,,,22.729,32.635,35.184,3,100,0,,,,25.33,29.065,31.63,2,100,0,,,,45.494,49.001,50.843,2,,,,,100,90.472,90.472,91.748,1,,,100,100,,28.936,33.588,35.724,2,,,,,100,36.704,36.704,38.601,1,,,,,0,44.409,44.409,48.853,1,51,Associate degree in college (2-year),White,,Female,,7,"$50,000 to $59,999"
3/19/21 12:35,3/19/21 12:43,IP Address,76.85.176.151,100,446,TRUE,3/19/21 12:43,R_3nw0SRvAm7aLb2u,,,,,40.85139465,-96.71389771,anonymous,EN,,,50,25,,35.58,42.076,43.734,3,,,,,50,23.577,23.577,24.577,1,,,,,50,30.358,30.358,31.158,1,51,0,,,,65.151,70.332,71.599,3,,,,,50,13.758,13.758,17.456,1,51,0,,,,19.997,23.594,25.328,4,40,0,,,,33.582,41.877,46.355,3,50,0,,,,37.255,40.581,41.781,3,60,0,,,,20.178,23.17,23.919,2,,,50,80,,33.687,39.633,43.159,2,,,60,100,,21.606,27.601,28.191,7,23,Bachelor's degree in college (4-year),White,,Female,,0,"$30,000 to $39,999"
3/19/21 12:32,3/19/21 12:43,IP Address,216.68.118.226,100,669,TRUE,3/19/21 12:43,R_3n3rau2HkxQ29Jc,,,,,39.0249939,-84.43920135,anonymous,EN,45,0,,,,5.721,27.94,29.097,6,,,65,100,,24.654,26.601,27.752,2,,,75,100,,25.539,29.631,30.54,4,,,,,60,30.931,32.345,33.165,2,40,0,,,,108.221,120.876,122.09,3,,,75,100,,142.123,180.104,180.74,7,,,,,80,4.123,46.691,47.438,4,,,,,55,44.796,46.209,46.967,2,,,70,100,,25.698,33.6,34.792,3,,,,,50,33.826,33.826,34.885,1,,,,,55,2.106,17.943,19.052,3,40,Bachelor's degree in college (4-year),White,,Male,,1,"$80,000 to $89,999"
3/19/21 12:33,3/19/21 12:43,IP Address,69.181.52.35,100,626,TRUE,3/19/21 12:43,R_8rjNA9s9wHdFbj3,,,,,37.72009277,-122.4413986,anonymous,EN,,,64,90,,21.038,27.385,29.199,7,12,0,,,,20.546,24.476,25.253,3,16,8,,,,25.896,37.227,38.444,5,,,5,3,,38.939,42.372,43.828,4,,,84,98,,18.868,20.917,21.608,3,57,4,,,,17.631,42.531,43.549,7,,,,,59,23.867,23.867,26.649,1,,,,,53,45.794,45.794,46.584,1,,,85,98,,47.245,57.609,58.23,7,,,,,59,18.152,18.974,20.433,2,,,70,88,,31.679,39.99,40.703,3,28,Bachelor's degree in college (4-year),East Asian,,Female,,1,"$150,000 or more"
3/19/21 12:31,3/19/21 12:43,IP Address,76.187.136.49,100,714,TRUE,3/19/21 12:43,R_1K6GewZ2avRQ55c,,,,,32.85450745,-96.59909821,anonymous,EN,,,60,60,,46.407,55.004,55.711,3,,,73,96,,5.276,80.334,80.855,10,,,67,77,,71.029,74.804,75.977,7,,,,,62,154.325,154.325,155.223,1,31,0,,,,26.345,29.392,32.233,2,,,,,45,38.364,38.364,39.763,1,,,,,45,51.901,51.901,52.684,1,,,,,9,55.233,55.233,56.668,1,,,,,70,38.491,39.365,42.508,2,,,70,90,,38.219,41.699,42.466,2,,,50,65,,31.24,39.27,40.083,5,25,Bachelor's degree in college (4-year),South Asian,,Male,,2,"$50,000 to $59,999"
3/19/21 12:31,3/19/21 12:43,IP Address,72.9.29.202,100,716,TRUE,3/19/21 12:43,R_2xJLqiVe73Q36rW,,,,,40.94000244,-75.82089996,anonymous,EN,,,50,90,,46.793,70.902,72.077,4,0,0,,,,36.93,44.002,47.407,3,,,28,95,,34.159,49.203,51.197,3,,,,,25,36.051,61.619,64.288,3,,,40,100,,35.151,45.976,46.701,3,5,0,,,,27.245,37.385,38.44,4,,,95,100,,87.774,124.902,125.932,6,10,0,,,,59.502,84.291,85.727,5,,,,,15,52.475,52.475,55.175,1,5,0,,,,28.361,37.702,38.847,4,,,,,50,29.904,33.214,35.538,2,48,Bachelor's degree in college (4-year),White,,Female,,3,"$40,000 to $49,999"
3/19/21 12:34,3/19/21 12:43,IP Address,74.128.99.127,100,551,TRUE,3/19/21 12:43,R_BLMycn9xWJIN57j,,,,,39.43469238,-84.6207962,anonymous,EN,,,,,90,35.307,36.653,37.518,2,,,,,91,32.888,34.877,36.234,2,,,90,100,,41.418,52.537,53.544,6,,,,,90,45.776,53.414,54.641,3,,,90,100,,27.671,37.838,38.905,4,50,0,,,,28.155,33.681,34.776,4,,,,,90,43.093,48.397,49.55,2,80,0,,,,39.143,47.416,48.401,4,90,0,,,,21.33,27.997,29.144,4,,,,,90,34.268,40.596,41.956,3,,,60,0,,34.347,40.767,42.497,3,70,Doctoral degree,White,,Male,,2,"$100,000 to $149,999"
3/19/21 12:30,3/19/21 12:44,IP Address,24.127.146.134,100,786,TRUE,3/19/21 12:44,R_2qmeo361nS0oedt,,,,,42.19549561,-83.48940277,anonymous,EN,75,0,,,,37.476,39.173,40.792,2,50,0,,,,48.716,53.304,55.564,3,,,,,50,49.098,49.098,49.967,1,0,0,,,,43.757,45.806,47.24,2,,,,,100,27.552,27.552,29.115,1,50,0,,,,55.964,59.076,63.89,2,75,0,,,,61.832,64.637,66.243,2,90,0,,,,62.581,64.299,65.908,2,,,100,100,,48.537,51.323,54.197,2,,,50,75,,75.134,90.563,91.369,5,,,,,50,52.145,52.145,53.5,1,56,Some college but no degree,White,,Male,,0,"$30,000 to $39,999"
3/19/21 12:29,3/19/21 12:44,IP Address,174.222.17.71,100,859,TRUE,3/19/21 12:44,R_3rYg8Q00jr2W0Et,,,,,38.57249451,-121.4701996,anonymous,EN,0,0,,,,48.614,54.594,55.385,3,0,0,,,,83.575,87.323,88.888,2,,,0,100,,63.28,66.203,70.87,3,,,,,100,76.744,76.744,81.371,1,0,0,,,,32.432,34.539,38.247,2,,,0,100,,54.91,58.894,62.275,2,0,0,,,,73.444,76.158,77.771,2,,,0,100,,95.266,100.471,111.973,2,,,0,100,,54.672,57.056,59.267,2,,,0,100,,48.762,53.379,54.959,2,,,,,100,55.002,55.002,59.678,1,57,Some college but no degree,White,,Male,,6,"$90,000 to $99,999"
3/19/21 12:33,3/19/21 12:44,IP Address,73.230.48.120,100,676,TRUE,3/19/21 12:44,R_3s54WiIz5jfdtYl,,,,,40.23890686,-77.1934967,anonymous,EN,,,,,100,41.93,41.93,45.347,1,,,100,100,,58.293,61.492,63.682,2,0,0,,,,49.356,51.974,54.644,2,23,0,,,,39.874,41.051,42.705,2,,,,,100,16.82,16.82,18.334,1,,,,,100,61.524,61.524,64.776,1,30,0,,,,1.592,78.941,80.038,4,100,0,,,,48.172,50.389,52.253,2,100,0,,,,60.372,65.774,67.538,4,0,0,,,,40.915,45.411,47.381,2,,,,,100,73.777,73.777,74.841,1,37,Some college but no degree,White,,Female,,5,"$30,000 to $39,999"
3/19/21 12:30,3/19/21 12:44,IP Address,67.183.231.194,100,856,TRUE,3/19/21 12:44,R_YRfnZTBmNxUMoF3,,,,,47.20300293,-122.488205,anonymous,EN,3,0,,,,41.226,47.431,49.284,2,,,80,94,,84.905,89.111,90.249,3,85,5,,,,62.32,65.2,66.41,4,,,67,95,,50.006,88.333,90.409,7,,,,,1,187.534,187.534,189.51,1,,,,,80,37.922,39.099,40.1,3,,,,,5,65.605,65.605,67.72,1,,,90,95,,61.036,62.381,63.941,3,87,9,,,,64.043,68.348,70.2,4,10,10,,,,34.935,36.315,37.772,2,,,98,95,,25.948,28.272,29.935,4,33,Bachelor's degree in college (4-year),White,,Male,,3,"$10,000 to $19,999"
3/19/21 12:32,3/19/21 12:44,IP Address,184.90.92.184,100,727,TRUE,3/19/21 12:44,R_3EH0mNyNG5CtYqn,,,,,28.57269287,-80.82060242,anonymous,EN,55,0,,,,41.652,52.106,54.184,3,,,,,62,43.649,46.183,48.857,2,,,100,100,,40.406,60.15,62.04,4,,,,,70,35.161,61.131,63.263,4,,,,,64,27.651,30.357,32.451,2,,,0,100,,31.163,48.23,50.005,4,65,0,,,,36.491,58.396,60.493,4,100,0,,,,44.211,63.404,65.552,5,,,100,100,,36.748,51.92,53.339,6,57,0,,,,41.117,46.778,49.659,3,100,0,,,,37.735,76.777,79.189,6,55,Associate degree in college (2-year),White,,Female,,3,"$40,000 to $49,999"
3/19/21 12:29,3/19/21 12:45,IP Address,70.15.24.7,100,921,TRUE,3/19/21 12:45,R_2e9cLDTS9FDDpgI,,,,,40.52709961,-75.56169891,anonymous,EN,,,53,25,,56.45,57.805,60.779,2,,,78,100,,45.328,50.963,52.612,3,,,,,58,64.602,70.004,71.637,5,,,78,91,,79.57,80.358,102.369,2,,,,,73,40.933,40.933,42.151,1,81,8,,,,101.802,104.241,106.109,3,,,80,100,,63.382,64.718,75.47,2,,,,,61,44.782,48.493,49.513,2,,,70,100,,107.684,110.2,111.953,4,41,19,,,,64.182,77.62,80.835,3,87,4,,,,40.807,44.733,46.458,3,27,Some college but no degree,"White,Black or African American",,Female,,4,"$20,000 to $29,999"
3/19/21 12:30,3/19/21 12:45,IP Address,184.191.1.98,100,862,TRUE,3/19/21 12:45,R_rewUz1Gp97WvEKB,,,,,35.90249634,-115.1789017,anonymous,EN,50,20,,,,45.305,49.28,50.379,2,,,,,55,52.808,52.808,86.595,1,,,,,55,23.59,31.486,43.026,3,,,,,55,93.205,93.205,100.452,1,,,40,55,,43.631,49.815,51.81,3,,,,,50,22.102,22.102,26.991,1,45,10,,,,43.791,48.999,71.819,2,,,,,60,55.553,55.553,61.027,1,,,,,60,123.168,123.168,130.825,1,,,,,80,77.034,79.226,142.843,2,,,60,60,,24.901,31.895,34.577,2,31,Associate degree in college (2-year),White,,Female,,3,"$40,000 to $49,999"
3/19/21 12:31,3/19/21 12:45,IP Address,71.206.16.17,100,859,TRUE,3/19/21 12:45,R_2wtN7uZGvERM6S3,,,,,38.81730652,-75.59570313,anonymous,EN,,,,,87,42.274,42.274,43.151,1,,,,,86,63.09,67.557,71.434,3,,,,,86,55.771,55.771,56.699,1,85,1,,,,67.287,84.071,85.619,3,,,85,100,,69.191,72.002,73.102,2,,,85,100,,60.81,69.718,71.017,2,85,0,,,,71.088,75.577,77.685,3,,,,,85,76.857,76.857,87.694,1,85,0,,,,37.152,39.351,41.636,2,85,1,,,,72.195,75.309,79.8,2,86,0,,,,29.888,32.723,35.306,2,68,Master's degree,White,,Female,,4,"$100,000 to $149,999"
3/19/21 12:32,3/19/21 12:45,IP Address,173.54.111.132,100,784,TRUE,3/19/21 12:45,R_x5RQzP5UsgXPGI9,,,,,40.92410278,-74.51399994,anonymous,EN,45,0,,,,43.327,85.246,87.513,3,5,0,,,,39.282,44.89,50,3,,,,,55,49.364,49.364,50.377,1,,,95,0,,46.952,67.796,69.083,3,,,0,0,,43.61,54.051,66.789,2,,,,,95,60.649,67.608,69.045,2,,,100,100,,48.814,52.295,54.379,2,55,0,,,,72.139,74.866,77.595,2,,,75,100,,47.181,50.251,54.937,2,,,,,85,64.701,64.701,66.879,1,95,50,,,,35.279,57.423,59.606,3,60,Some college but no degree,White,,Male,,1,"$20,000 to $29,999"
3/19/21 12:33,3/19/21 12:45,IP Address,76.16.233.95,100,712,TRUE,3/19/21 12:45,R_1P17idt7xrtG4Br,,,,,41.72619629,-87.8289032,anonymous,EN,,,40,2,,46.223,73.247,74.196,7,0,0,,,,38.735,39.938,45.027,2,50,0,,,,47.488,55.339,57.85,3,20,0,,,,50.52,51.772,53.173,2,,,,,50,20.923,38.774,39.647,2,,,40,60,,55.269,58.238,58.965,2,,,,,60,77.282,81.8,82.811,3,,,,,65,61.7,74.615,75.549,2,,,80,90,,55.164,59.785,60.864,3,40,0,,,,41.085,43.059,44.609,3,,,95,100,,26.159,46.187,47,3,32,Some college but no degree,White,,Male,,4,"$20,000 to $29,999"
3/19/21 12:37,3/19/21 12:45,IP Address,92.36.131.239,100,496,TRUE,3/19/21 12:45,R_BM4RF2CTSancztf,,,,,43.84700012,18.38560486,anonymous,EN,,,0,5,,43.414,61.558,62.915,3,0,0,,,,20.577,21.866,23.387,2,,,,,90,27.406,27.406,28.101,1,,,,,0,5.681,67.516,68.542,3,,,,,0,18.387,18.387,19.594,1,0,0,,,,19.366,20.65,22.075,2,,,,,0,42.528,42.528,43.937,1,,,,,10,37.901,37.901,38.933,1,0,0,,,,17.544,35.3,36.333,2,,,,,0,33.268,33.268,34.693,1,,,50,100,,27.458,30.107,30.751,2,31,Bachelor's degree in college (4-year),White,,Female,,3,"$60,000 to $69,999"
3/19/21 12:39,3/19/21 12:45,IP Address,172.58.101.56,100,359,TRUE,3/19/21 12:45,R_2a9zL055c2wmWEA,,,,,29.66789246,-95.33200073,anonymous,EN,,,66,51,,6.068,25.844,26.871,3,6,2,,,,8.971,16.655,17.761,5,69,1,,,,23.676,27.561,28.534,3,,,,,33,33.591,33.591,38.253,1,,,76,58,,37.983,49.837,50.713,9,77,4,,,,8.386,12.092,13.301,7,72,29,,,,4.285,16.925,18.1,4,,,75,49,,16.434,19.899,21.051,8,73,17,,,,23.651,42.432,43.437,7,,,93,69,,28.359,48.302,50.926,2,,,,,61,8.747,9.055,10.138,2,39,Bachelor's degree in college (4-year),Hispanic or Latino,,Male,,6,"$100,000 to $149,999"
3/19/21 12:30,3/19/21 12:45,IP Address,70.176.65.179,100,905,TRUE,3/19/21 12:45,R_YY8SVzaYR5Yo8I9,,,,,33.18919373,-111.5315018,anonymous,EN,33,10,,,,256.959,260.911,262.304,6,,,72,92,,16.364,18.756,19.478,4,,,56,81,,23.246,25.239,25.67,4,,,50,36,,56.583,61.613,92.357,9,63,10,,,,13.244,16.502,17.609,7,,,87,99,,12.854,16.072,16.648,6,,,80,100,,114.789,117.011,117.715,6,,,77,94,,19.796,25.06,25.747,12,,,72,96,,31.254,33.801,34.666,4,,,,,81,17.862,18.752,22.028,4,,,,,80,11.043,11.043,11.866,1,30,Bachelor's degree in college (4-year),White,,Female,,0,"$20,000 to $29,999"
3/19/21 12:29,3/19/21 12:45,IP Address,108.71.141.205,100,965,TRUE,3/19/21 12:45,R_3ffsIT0uwQAeaIb,,,,,30.69059753,-83.1753006,anonymous,EN,,,,,60,25.09,30.424,31.791,2,5,0,,,,4.179,55.139,77.201,4,,,,,70,32.86,32.86,34.492,1,,,70,80,,61.406,80.619,81.905,3,,,50,80,,31.276,40.507,41.407,3,,,,,75,26.917,26.917,28.441,1,,,,,60,31.865,34.812,36.492,2,,,,,60,34.699,34.699,38.073,1,,,50,75,,39.544,42.882,44.091,2,,,,,60,86.957,113.797,114.754,2,,,,,50,21.117,21.117,23.927,1,46,Bachelor's degree in college (4-year),White,,Female,,3,"$60,000 to $69,999"
3/19/21 12:29,3/19/21 12:45,IP Address,68.3.118.242,100,959,TRUE,3/19/21 12:45,R_1kZcYYw8bDhRQPs,,,,,33.31990051,-112.0675964,anonymous,EN,60,0,,,,9.321,64.586,72.292,10,,,90,100,,21.213,69.873,80.024,9,,,88,100,,39.036,91.319,99.064,3,,,,,60,14.159,46.382,51.646,6,,,,,60,9.286,29.441,46.316,5,,,96,98,,34.78,52.894,63.329,6,,,88,100,,5.627,108.979,112.195,10,,,,,65,7.936,89.201,91.526,9,,,89,100,,9.958,77.781,85.076,14,52,0,,,,55.084,80.751,84.617,7,,,95,100,,6.687,68.573,82.707,24,41,Bachelor's degree in college (4-year),White,,Female,,4,"$100,000 to $149,999"
3/19/21 12:37,3/19/21 12:45,IP Address,71.91.34.149,100,504,TRUE,3/19/21 12:46,R_Q4yk2nmOp7XAE3D,,,,,32.31950378,-86.30899811,anonymous,EN,34,0,,,,27.978,37.018,38.003,9,0,0,,,,3.582,32.521,33.298,8,4,0,,,,17.948,39.038,40.182,7,,,44,1,,7.489,62.526,63.076,13,,,100,100,,3.797,37.721,38.62,10,2,0,,,,16.054,26.954,27.79,7,37,0,,,,19.989,48.535,49.329,8,,,84,99,,22.032,56.135,56.814,11,27,0,,,,4.309,36.998,37.656,11,13,0,,,,19.863,38.577,39.61,7,36,0,,,,14.196,33.445,35.176,8,34,Some college but no degree,Black or African American,,Female,,4,"$100,000 to $149,999"
3/19/21 12:35,3/19/21 12:46,IP Address,23.30.85.77,100,634,TRUE,3/19/21 12:46,R_2pLd51hyrU2sJKF,,,,,29.74909973,-95.5542984,anonymous,EN,,,,,0,31.794,31.794,33.105,1,0,0,,,,71.159,72.15,73.234,2,,,,,0,7.347,7.347,9.012,1,,,0,0,,335.983,339.43,342.252,2,0,0,,,,20.801,22.402,26.18,2,0,0,,,,2.673,3.889,5.651,2,,,,,0,42.711,42.711,44.497,1,,,,,0,3.1,3.1,6.995,1,,,0,0,,5.31,6.395,7.643,2,0,0,,,,4.405,5.6,6.774,3,,,,,0,19.295,19.295,20.398,1,45,Some college but no degree,White,,Male,,1,"$30,000 to $39,999"
3/19/21 12:30,3/19/21 12:46,IP Address,173.73.87.82,100,934,TRUE,3/19/21 12:46,R_b9jbGB54bCXDhId,,,,,39.04710388,-76.92849731,anonymous,EN,100,0,,,,24.987,26.82,28.484,2,53,0,,,,17.677,20.929,21.258,3,,,49,100,,0.367,27.284,31.337,7,,,,,100,40.783,40.783,42.509,1,,,,,50,14.52,20.64,21.044,5,,,51,100,,22.926,25.333,26.484,2,100,0,,,,25.299,26.947,29.166,2,,,100,74,,9.208,72.229,73.382,5,100,0,,,,548.665,563.971,565.553,3,,,100,0,,32.103,39.507,40.563,4,0,0,,,,8.416,13.188,14.333,4,45,Master's degree,White,,Male,,1,"$70,000 to $79,999"
3/19/21 12:33,3/19/21 12:46,IP Address,71.86.185.24,100,739,TRUE,3/19/21 12:46,R_1pL1LxoWuWBy5yg,,,,,45.76589966,-87.08899689,anonymous,EN,,,85,45,,53.302,64.388,66.024,5,,,,,30,31.883,48.318,49.247,7,,,,,90,56.575,56.575,66.68,1,70,15,,,,36.472,41.832,43.984,3,30,0,,,,24.538,29.303,32.887,4,100,10,,,,26.827,57.53,60.71,6,100,95,,,,59.879,67.564,79.026,6,,,100,100,,26.992,62.753,65.584,6,,,70,100,,4.63,75.008,76.328,12,85,56,,,,3.409,51.915,56.124,7,100,50,,,,8.25,67.938,70.588,4,36,Bachelor's degree in college (4-year),White,,Male,,0,"$30,000 to $39,999"
3/19/21 12:33,3/19/21 12:46,IP Address,66.177.64.130,100,785,TRUE,3/19/21 12:46,R_1QslPE5oFPzpxvm,,,,,30.36680603,-81.58730316,anonymous,EN,,,100,100,,26.29,42.125,42.821,8,91,0,,,,23.147,32.46,33.201,6,,,,,99,15.275,25.481,26.86,3,100,0,,,,22.974,36.817,37.536,11,,,100,100,,4.18,17.236,17.917,12,90,0,,,,15.257,25.261,26.35,6,,,100,100,,28.027,47.435,48.205,8,,,,,100,31.133,40.231,40.936,5,,,,,100,252.988,268.345,269.104,7,,,,,100,1.307,38.702,39.57,4,85,0,,,,130.55,147.898,149.162,10,57,Master's degree,White,,Female,,6,"$100,000 to $149,999"
3/19/21 12:32,3/19/21 12:46,IP Address,38.147.33.45,100,886,TRUE,3/19/21 12:46,R_24bLY1BzTN5fNhU,,,,,34.17359924,-82.15450287,anonymous,EN,70,10,,,,34.077,52.163,53.177,8,18,17,,,,31.264,48.434,49.01,10,68,28,,,,35.02,71.161,71.864,10,,,80,71,,30.272,72.041,72.658,9,,,,,20,25.265,38.394,77.405,6,,,49,90,,36.936,59.989,60.614,11,50,34,,,,39.563,79.789,82.406,10,,,18,50,,44.739,104.457,109.06,7,80,34,,,,26.006,50.733,51.69,11,,,,,75,28.568,69.401,70.02,8,,,32,70,,22.485,91.545,94.622,6,67,Master's degree,White,,Female,,6,"$40,000 to $49,999"
3/19/21 12:36,3/19/21 12:46,IP Address,72.249.239.36,100,648,TRUE,3/19/21 12:46,R_8iCSdh3fBlPs8EN,,,,,38.11039734,-108.2845001,anonymous,EN,80,5,,,,53.055,59.894,60.987,2,,,70,95,,44.176,51.383,54.437,3,,,,,80,30.844,30.844,32.041,1,,,75,50,,104.115,109.882,116.027,3,,,,,60,26.05,31.476,32.271,2,,,,,100,2.515,37.788,39.8,2,,,100,98,,83.293,86.86,87.937,3,,,100,100,,66.113,69.156,70.886,2,70,20,,,,36.673,40.504,43.92,2,30,0,,,,24.485,27.949,29.506,3,,,,,50,24.513,24.513,25.916,1,38,Bachelor's degree in college (4-year),White,,Female,,3,"$90,000 to $99,999"
3/19/21 12:31,3/19/21 12:46,IP Address,73.102.211.104,100,926,TRUE,3/19/21 12:46,R_1hTgJ7ntuHXGjrj,,,,,39.83349609,-84.89830017,anonymous,EN,,,100,100,,2.705,67.825,68.752,5,,,100,100,,3.45,73.47,74.75,4,,,,,100,1.881,40.607,41.734,3,,,,,100,7.907,73.083,74.141,5,,,,,100,1.989,29.726,30.787,3,,,100,100,,5.198,90.612,91.901,5,100,0,,,,2.221,74.979,79.659,6,,,100,100,,1.795,65.622,68.606,5,100,0,,,,2.049,46.153,47.867,4,0,0,,,,5.659,94.49,97.439,5,,,,,0,2.161,86.102,94.634,2,65,Some college but no degree,White,,Male,,5,"$10,000 to $19,999"
3/19/21 12:34,3/19/21 12:46,IP Address,98.214.234.47,100,758,TRUE,3/19/21 12:46,R_2wGLDKWyHpIFj1S,,,,,39.86160278,-88.9355011,anonymous,EN,,,91,95,,20.341,21.398,22.829,2,,,,,90,112.803,119.068,119.872,2,88,0,,,,30.106,44.45,49.366,3,,,,,84,48.104,48.104,48.922,1,,,,,100,244.794,244.794,246.472,1,90,0,,,,17.501,23.376,25.078,4,90,0,,,,61.444,62.662,70.141,2,,,100,89,,62.651,70.067,80.314,2,90,0,,,,9.739,20.823,21.912,4,99,0,,,,25.028,29.034,30.673,2,,,100,100,,13.236,16.301,16.798,3,46,High school graduate (high school diploma or equivalent including GED),White,,Male,,0,"$30,000 to $39,999"
3/19/21 12:38,3/19/21 12:47,IP Address,75.108.217.135,100,499,TRUE,3/19/21 12:47,R_2rqIvOrZFw9q6vp,,,,,38.44090271,-81.47989655,anonymous,EN,,,,,59,15.562,32.946,34.166,11,,,,,28,8.699,24.609,26.062,9,,,48,77,,6.434,101.692,102.451,43,100,0,,,,4.458,31,33.468,17,,,100,100,,4.26,46.356,47.637,8,,,,,100,6.831,17.758,18.806,9,,,,,85,1.625,51.539,52.472,25,70,10,,,,7.601,47.88,49.342,23,,,,,50,6.148,30.516,32.503,11,,,60,100,,11.021,29.357,31.097,15,,,71,100,,1.66,37.995,41.36,14,38,High school graduate (high school diploma or equivalent including GED),White,,Male,,3,"$50,000 to $59,999"
3/19/21 12:33,3/19/21 12:47,IP Address,68.226.29.126,100,827,TRUE,3/19/21 12:47,R_1rADp5v7B8GYsWe,,,,,33.3348999,-111.8170013,anonymous,EN,,,28,58,,46.265,59.246,60.598,4,,,16,100,,28.682,31.271,32.731,2,,,87,100,,35.356,37.183,38.927,2,,,,,12,61.961,61.961,63.174,1,,,,,21,59.416,59.416,61.241,1,11,3,,,,61.587,63.929,66.821,3,,,,,75,242.187,244.248,246.641,2,,,40,100,,50.23,51.761,53.873,2,8,3,,,,15.398,19.387,22.021,2,,,,,73,54.57,54.57,55.863,1,,,95,100,,24.116,25.699,27.97,2,48,Bachelor's degree in college (4-year),White,,Female,,3,"$80,000 to $89,999"
3/19/21 12:41,3/19/21 12:47,IP Address,173.62.251.151,100,358,TRUE,3/19/21 12:47,R_1FEyS4Ap6XsElDj,,,,,39.93609619,-75.26249695,anonymous,EN,,,,,46,24.788,24.788,25.652,1,,,35,58,,29.109,34.595,35.523,9,,,46,63,,23.384,28.158,28.494,7,,,,,12,28.352,29.574,30.522,2,,,53,72,,19.717,22.093,22.351,4,,,43,81,,20.571,23.162,23.47,5,40,43,,,,3.104,37.009,38.274,4,,,,,41,22.61,23.508,24.543,2,,,60,60,,19.124,27.686,36.256,4,61,16,,,,17.697,22.083,22.981,8,44,72,,,,1.339,21.541,22.315,5,28,Bachelor's degree in college (4-year),Southeast Asian,,Male,,3,"$40,000 to $49,999"
3/19/21 12:31,3/19/21 12:47,IP Address,107.161.229.61,100,952,TRUE,3/19/21 12:47,R_3GdeOa1XrXx9zRF,,,,,39.45559692,-82.23090363,anonymous,EN,14,4,,,,77.453,83.6,85.687,3,,,,,19,48.1,48.1,50.053,1,6,3,,,,49.196,56.635,59.309,7,,,24,11,,72.677,92.763,94.599,2,8,1,,,,36.4,46.6,48.615,3,10,0,,,,61.889,92.554,94.038,8,,,61,90,,88.951,92.7,94.723,3,,,,,14,95.835,96.582,98.316,2,,,40,85,,60.178,75.401,77.86,3,,,30,72,,57.876,65.202,66.591,3,,,,,81,44,44,45.594,1,59,High school graduate (high school diploma or equivalent including GED),White,,Female,,4,"$40,000 to $49,999"
3/19/21 12:33,3/19/21 12:47,IP Address,24.155.48.156,100,850,TRUE,3/19/21 12:47,R_2bPKRJz32RnObCM,,,,,27.67759705,-97.36509705,anonymous,EN,85,0,,,,44.976,47.711,63.163,2,,,,,81,34.857,34.857,47.217,1,,,,,100,33.677,33.677,44.185,1,,,100,87,,33.709,35.5,45.732,2,100,0,,,,8.338,15.704,32.481,2,100,50,,,,39.607,56.845,73.506,2,,,100,100,,46.819,48.842,87.452,2,,,90,100,,39.721,63.494,76.7,2,100,64,,,,38.782,55.536,67.661,3,80,0,,,,56.172,63.475,175.93,3,,,,,50,52.574,52.574,59.257,1,53,Some college but no degree,White,,Male,,6,"$60,000 to $69,999"
3/19/21 12:34,3/19/21 12:47,IP Address,174.108.6.158,100,835,TRUE,3/19/21 12:47,R_1dEyXZhQMj0Cy2y,,,,,34.97810364,-80.85410309,anonymous,EN,,,100,100,,70.011,72.595,73.498,2,0,0,,,,40.861,43.313,50.926,2,,,,,62,33.445,33.445,34.385,1,,,93,0,,38.143,42.168,43.897,4,,,100,100,,27.788,33.68,34.621,2,,,100,100,,30.029,31.801,32.697,2,,,,,77,35.56,35.56,37.086,1,,,,,60,92.139,98.384,99.442,6,,,100,100,,85.501,92.019,93.208,3,,,,,50,92.573,95.268,96.279,3,100,100,,,,83.674,86.462,87.509,3,69,Associate degree in college (2-year),White,,Female,,0,"$100,000 to $149,999"
3/19/21 12:35,3/19/21 12:47,IP Address,144.121.153.238,100,741,TRUE,3/19/21 12:48,R_2rpYLaMwUyLj45n,,,,,40.3361969,-75.91529846,anonymous,EN,,,66,18,,35.755,80.275,81.084,14,,,,,91,37.166,61.183,62.121,8,,,,,90,5.27,44.972,45.813,11,100,29,,,,44.977,94.986,97.119,15,,,12,0,,43.089,61.651,62.419,10,90,2,,,,22.79,47.106,47.75,9,65,0,,,,4.652,72.519,73.318,20,,,,,91,15.062,61.729,62.43,13,87,2,,,,10.688,49.363,49.979,10,,,,,95,3.9,54.084,54.779,13,100,60,,,,5.182,43.814,45.054,14,30,Associate degree in college (2-year),White,,Male,,5,"$90,000 to $99,999"
3/19/21 12:41,3/19/21 12:48,IP Address,65.30.189.173,100,397,TRUE,3/19/21 12:48,R_4Jf8WcsJCQ5MMyB,,,,,42.95100403,-87.9437027,anonymous,EN,0,0,,,,20.601,22.149,24.312,2,0,0,,,,26.709,28.376,29.825,2,0,0,,,,19.664,23.566,25.211,3,,,,,0,25.017,25.017,26.915,1,,,0,100,,18.381,34.272,39.341,5,0,0,,,,37.862,39.347,40.825,2,0,0,,,,34.664,36.204,37.74,2,,,55,74,,44.918,65.277,66.888,6,,,,,0,19.246,19.246,21.451,1,0,0,,,,19.223,21.013,22.949,2,,,,,0,19.558,19.558,22.872,1,49,Bachelor's degree in college (4-year),East Asian,,Female,,7,"$100,000 to $149,999"
3/19/21 12:36,3/19/21 12:48,IP Address,75.134.104.161,100,719,TRUE,3/19/21 12:48,R_20M1V5yr6ox5dCB,,,,,42.27890015,-85.69039917,anonymous,EN,,,50,25,,41.19,48.765,52.614,2,,,100,100,,0.87,75.53,76.414,4,,,100,100,,72.344,76.553,77.284,3,,,50,0,,43.418,44.459,46.136,2,50,0,,,,78.407,79.159,81.03,2,,,100,100,,15.257,16.535,17.728,2,,,100,100,,108.743,109.994,112.083,2,,,100,100,,24.246,25.519,26.935,2,50,0,,,,110.514,115.781,118.391,2,,,100,100,,20.259,27.695,28.187,3,,,100,100,,47.853,51.855,52.662,2,38,Master's degree,White,,Male,,1,"$100,000 to $149,999"
3/19/21 12:37,3/19/21 12:48,IP Address,71.200.35.77,100,669,TRUE,3/19/21 12:48,R_2xY1Oih3u0O5vIf,,,,,39.07350159,-75.50830078,anonymous,EN,,,,,75,41.159,65.016,71.001,4,,,95,100,,43.385,51.141,52.262,4,94,0,,,,25.937,54.401,57.595,5,,,,,33,36.982,65.156,66.277,3,,,100,100,,18.696,26.646,27.587,4,100,0,,,,19.95,38.009,39.401,5,,,,,96,37.084,45.504,46.816,3,,,87,100,,48.191,90.398,91.259,5,,,88,100,,24.085,59.157,60.022,6,,,17,100,,41.782,52.884,54.189,5,96,0,,,,15.63,41.929,43.984,6,48,High school graduate (high school diploma or equivalent including GED),White,,Female,,4,"$80,000 to $89,999"
3/19/21 12:38,3/19/21 12:48,IP Address,47.13.138.157,100,632,TRUE,3/19/21 12:48,R_2EBkI4cHFq07d5C,,,,,33.16690063,-87.50640106,anonymous,EN,50,0,,,,40.419,52.034,53.212,4,,,50,0,,24.523,55.687,56.62,5,,,80,100,,43.295,55.418,56.597,4,,,51,60,,25.474,58.221,59.157,6,,,80,100,,25.844,35.996,36.907,5,,,80,100,,45.087,59.954,61.238,5,60,0,,,,49.172,65.696,67.172,5,,,80,100,,10.342,51.171,52.053,5,,,,,60,36.029,41.678,45.018,2,,,,,50,15.895,41.833,43.042,3,50,10,,,,22.283,36.947,37.704,4,43,Bachelor's degree in college (4-year),White,,Female,,0,"$20,000 to $29,999"
3/19/21 12:30,3/19/21 12:49,IP Address,205.118.120.129,100,1096,TRUE,3/19/21 12:49,R_278xFSNDvzBBjIe,,,,,40.39689636,-111.7919006,anonymous,EN,10,0,,,,23.442,26.385,30.549,3,,,,,10,15.663,20.984,22.704,3,10,0,,,,86.149,92.864,93.905,4,10,0,,,,33.049,39.048,40.203,5,1,0,,,,13.959,15.483,17.134,2,,,,,50,100.972,101.947,103.662,2,,,91,100,,382.269,397.919,398.967,5,,,72,81,,58.31,65.554,66.476,3,,,,,10,26.531,29.745,31.262,3,10,0,,,,30.296,37.319,39.802,3,,,,,26,163.452,163.452,164.948,1,41,Master's degree,White,,Female,,6,"$90,000 to $99,999"
3/19/21 12:43,3/19/21 12:49,IP Address,97.103.30.50,100,322,TRUE,3/19/21 12:49,R_D97b6TDwCADZ3Vf,,,,,28.90249634,-81.2480011,anonymous,EN,,,50,50,,20.388,21.941,23.04,2,,,,,25,21.946,21.946,24.342,1,10,0,,,,20.77,26.186,27.421,4,,,,,20,28.251,28.442,29.392,2,,,,,15,20.577,20.577,21.765,1,,,70,100,,17.66,23.475,25.039,3,15,0,,,,18.053,29.158,30.009,6,,,65,100,,25.92,28.535,30.668,2,20,0,,,,17.719,24,25.691,7,13,0,,,,10.081,13.881,20.212,3,10,0,,,,27.248,32.384,34.028,2,39,Some college but no degree,White,,Male,,1,"$50,000 to $59,999"
3/19/21 12:42,3/19/21 12:49,IP Address,96.41.97.74,100,435,TRUE,3/19/21 12:49,R_1pXmVVHUHfAFiEx,,,,,34.1230011,-117.8988037,anonymous,EN,,,55,100,,27.654,31.244,33.602,3,,,60,100,,24.902,26.699,27.905,2,,,56,100,,47.623,51.268,52.577,2,,,55,100,,31.101,32.841,33.672,2,,,90,100,,20.718,22.496,23.908,2,50,0,,,,20.749,21.811,22.862,2,,,60,100,,33.391,35.313,37.41,2,,,,,55,39.22,39.22,40.223,1,,,55,100,,55.008,56.276,57.515,2,,,60,100,,19.922,21.448,22.154,2,65,0,,,,19.053,20.674,22.52,2,37,Bachelor's degree in college (4-year),East Asian,,Female,,0,"$150,000 or more"
3/19/21 12:31,3/19/21 12:49,IP Address,108.51.68.62,100,1075,TRUE,3/19/21 12:49,R_A7qJ5zDWQYvtyi5,,,,,39.15849304,-77.08370209,anonymous,EN,,,,,0,127.544,134.416,135.586,2,,,,,38,77.312,77.312,78.336,1,,,,,9,61.733,61.733,64.137,1,,,0,0,,3.521,53.218,55.721,4,,,69,100,,2.045,148.816,149.764,7,,,50,89,,32.475,105.158,106.627,7,,,,,0,1.928,8.802,11.2,2,,,,,5,3.842,68.525,69.712,3,,,60,100,,37.104,75.516,76.035,6,,,50,100,,2.599,23.601,24.554,4,,,,,50,13.184,108.872,109.966,3,28,Bachelor's degree in college (4-year),"White,Black or African American",,Female,,5,"$80,000 to $89,999"
3/19/21 12:44,3/19/21 12:50,IP Address,73.34.51.238,100,329,TRUE,3/19/21 12:50,R_2cdNo0hEoiJ4k27,,,,,39.66630554,-104.8342972,anonymous,EN,100,2,,,,26.163,32.085,33.161,4,,,,,86,9.416,13.108,14.182,5,,,,,82,4.911,15.349,15.977,9,,,,,79,69.641,70.769,71.553,2,81,0,,,,1.638,13.944,15.798,8,,,100,100,,9.873,11.141,11.798,2,81,1,,,,2.816,14.684,15.865,10,68,0,,,,24.702,29.801,31.061,3,,,,,87,24.205,28.389,29.384,2,,,,,100,37.088,37.088,38.123,1,,,100,100,,3.071,24.442,26.476,3,36,"Professional degree (JD, MD)",White,,Female,,1,"$100,000 to $149,999"
3/19/21 12:32,3/19/21 12:50,IP Address,99.115.9.221,100,1066,TRUE,3/19/21 12:50,R_25Y1EDtkrPqee4w,,,,,35.49710083,-97.73300171,anonymous,EN,,,0,61,,71.064,74.134,75.154,2,0,0,,,,28.375,29.733,30.864,3,,,,,10,35.669,35.669,36.825,1,0,0,,,,85.917,90.485,91.438,2,,,,,0,18.13,18.13,19.046,1,,,,,50,93.479,93.479,94.345,1,,,,,40,64.944,66.258,67.336,3,,,,,40,184.503,184.503,185.303,1,,,0,100,,124.865,128.897,129.516,5,,,,,90,142.224,142.224,143.094,1,0,0,,,,28.721,30.489,31.652,2,22,High school graduate (high school diploma or equivalent including GED),"Black or African American,Hispanic or Latino",,Female,,6,"$20,000 to $29,999"
3/19/21 12:39,3/19/21 12:51,IP Address,73.223.196.37,100,769,TRUE,3/19/21 12:51,R_2uqiKQNra1Fo3PS,,,,,37.77029419,-122.4407043,anonymous,EN,0,0,,,,29.631,32.619,48.198,3,,,,,0,34.974,37.954,43.556,2,,,0,55,,4.386,63.471,67.78,4,,,0,0,,11.962,64.849,67.901,4,0,0,,,,28.552,31.314,36.265,2,,,,,2,42.755,42.755,45.125,1,,,,,0,5.791,56.655,62.81,6,,,0,70,,31.061,72.401,76.651,3,,,20,80,,14.183,95.047,96.281,6,,,,,0,67.744,67.744,106.746,1,,,5,45,,37.28,52.063,55.023,2,35,Bachelor's degree in college (4-year),East Asian,,Male,,0,"$70,000 to $79,999"
3/19/21 12:30,3/19/21 12:52,IP Address,162.210.194.37,100,1264,TRUE,3/19/21 12:52,R_3O7cVxiO7LV63bI,,,,,37.75100708,-97.8219986,anonymous,EN,,,,,0,1.67,93.565,94.199,9,0,0,,,,1.672,76.785,77.34,21,,,,,48,37.704,43.01,44.298,4,,,78,94,,13.488,50.376,51.45,36,0,0,,,,2.703,117.209,117.67,22,0,0,,,,29.718,59.813,60.301,8,,,,,0,2.563,70.559,71.167,28,81,25,,,,1.001,41.159,42.937,24,50,0,,,,6.461,48.44,51.083,9,,,100,100,,22.526,30.827,31.227,6,,,,,0,45.716,392.456,393.346,22,28,"Professional degree (JD, MD)",Black or African American,,Female,,3,"$70,000 to $79,999"
3/19/21 12:48,3/19/21 12:52,IP Address,52.144.111.154,100,290,TRUE,3/19/21 12:52,R_2Y3C1S9I1w8GVPX,,,,,32.90739441,-97.53220367,anonymous,EN,,,0,0,,16.2,17.226,18.483,2,0,0,,,,15.723,17.371,18.093,3,,,0,0,,10.363,11.317,12.415,2,,,0,0,,15.569,19.665,21.457,2,0,0,,,,45.815,52.572,53.646,3,,,46,100,,21.372,25.104,26.027,5,,,59,100,,6.579,24.863,26.032,5,0,0,,,,8.401,9.587,10.842,2,,,48,100,,8.306,11.747,14.793,5,,,0,0,,9.326,11.387,13.897,2,,,,,44,23.638,23.638,24.574,1,37,Associate degree in college (2-year),White,,Male,,5,"$90,000 to $99,999"
3/19/21 12:46,3/19/21 12:53,IP Address,71.15.23.123,100,399,TRUE,3/19/21 12:53,R_40fgdpO9XN6zqUh,,,,,34.94459534,-82.2213974,anonymous,EN,61,0,,,,18.362,19.692,20.835,2,,,,,100,11.453,11.453,12.673,1,,,100,100,,11.657,14.711,18.635,3,72,0,,,,22.167,25.009,25.765,4,,,100,100,,10.486,11.918,13.629,2,,,,,100,130.371,130.371,132.322,1,100,0,,,,23.209,24.871,25.682,2,100,0,,,,13.819,15.408,32.283,2,100,0,,,,9.269,22.726,23.701,2,100,0,,,,11.566,13.338,21.273,2,30,0,,,,16.455,34.345,35.29,6,38,Master's degree,"White,Native American or Alaska Native,Hispanic or Latino",,Nonbinary,,0,"$70,000 to $79,999"
3/19/21 12:29,3/19/21 12:54,IP Address,96.253.120.112,100,1494,TRUE,3/19/21 12:54,R_b3LtX7fprcWpUgp,,,,,37.39230347,-77.56680298,anonymous,EN,36,1,,,,25.184,27.735,29.613,3,,,40,27,,26.158,32.932,33.808,5,61,13,,,,34.813,37.647,39.016,4,,,,,40,37.898,40.023,43.809,7,,,62,72,,63.352,65.096,67.754,5,21,2,,,,23.097,24.427,25.882,2,,,85,96,,291.324,384.567,386.044,4,,,94,99,,106.891,154.874,158.538,3,,,90,97,,5.917,540.242,541.14,12,30,6,,,,16.93,31.907,32.234,6,10,1,,,,17.881,20.252,21.128,2,33,Bachelor's degree in college (4-year),White,,Male,,6,"$60,000 to $69,999"
3/19/21 12:48,3/19/21 12:54,IP Address,45.46.128.56,100,330,TRUE,3/19/21 12:54,R_3g5yTebvbkVPII2,,,,,43.09300232,-78.96350098,anonymous,EN,0,0,,,,16.983,18.319,19.438,2,,,0,100,,31.037,34.666,37.564,2,0,0,,,,18.6,38.09,38.943,2,,,10,50,,24.684,27.788,28.194,3,0,0,,,,10.954,12.525,13.38,2,0,0,,,,15.96,18.106,19.212,2,,,,,50,32.417,32.417,33.749,1,29,0,,,,28.196,31.51,32.261,3,,,10,100,,7.898,23.991,26.122,4,,,,,0,21.231,21.231,22.363,1,,,,,20,15.731,15.731,16.4,1,47,Some college but no degree,White,,Male,,4,"Less than $10,000"
3/19/21 12:46,3/19/21 12:54,IP Address,104.185.102.34,100,462,TRUE,3/19/21 12:54,R_2SpNra9lqgo0hlf,,,,,30.51789856,-87.22530365,anonymous,EN,,,,,50,22.942,29.522,30.378,6,,,60,100,,27.833,35.191,37.221,5,83,0,,,,23.568,31.985,35.472,9,,,,,50,40.02,40.02,41.532,1,,,,,0,12.382,12.382,17.222,1,21,0,,,,37.295,39.593,41.852,3,70,0,,,,39.746,41.784,43.814,2,60,0,,,,46.177,48.684,49.882,3,60,0,,,,26.038,32.927,34.189,5,,,20,100,,35.023,44.149,48.742,6,,,100,100,,30.729,35.718,38.271,2,39,Bachelor's degree in college (4-year),Hispanic or Latino,,Female,,0,"$20,000 to $29,999"
3/19/21 12:31,3/19/21 12:54,IP Address,69.138.125.3,100,1382,TRUE,3/19/21 12:54,R_3CV38WoZpuiEhl9,,,,,26.66810608,-81.76460266,anonymous,EN,,,0,0,,1.226,54.311,55.34,18,0,0,,,,1.124,41.499,42.627,15,,,51,100,,1.485,52.401,53.019,19,32,0,,,,2.171,42.669,43.262,19,,,,,8,0.931,23.589,24.869,9,,,93,100,,1.618,44.183,44.917,30,,,76,100,,1.04,60.742,61.46,15,,,50,100,,1.3,60.93,61.401,16,50,0,,,,1.136,33.906,35.012,18,,,30,100,,11.16,35.525,36.126,9,51,0,,,,1.171,30.883,31.897,18,38,Some college but no degree,White,,Female,,4,"$30,000 to $39,999"
3/19/21 12:30,3/19/21 12:55,IP Address,73.197.102.204,100,1484,TRUE,3/19/21 12:55,R_2DSSCommIRUCXDc,,,,,40.43060303,-74.40200043,anonymous,EN,,,,,52,100.247,104.512,105.724,4,,,,,43,31.608,35.56,36.623,3,,,50,70,,35.469,41.535,42.948,5,,,9,7,,210.784,256.449,266.755,4,,,,,44,17.087,23.682,25.387,3,50,32,,,,282.856,295.659,296.906,7,50,32,,,,477.156,483.876,485.289,4,,,30,18,,18.763,33.299,34.433,6,79,21,,,,31.114,35.742,37.884,4,,,40,60,,38.897,44.724,46.139,5,7,9,,,,30.249,43.02,44.432,3,37,Master's degree,Southeast Asian,,Female,,1,"$80,000 to $89,999"
3/19/21 12:45,3/19/21 12:55,IP Address,96.61.98.113,100,607,TRUE,3/19/21 12:55,R_28TLmXMCmUH6k3g,,,,,37.48710632,-80.17040253,anonymous,EN,,,,,1,1.241,15.484,15.747,5,,,10,66,,18.35,24.418,25.094,9,,,,,6,19.369,23.321,23.598,4,,,0,0,,27.217,30.335,31.229,4,,,5,69,,19.822,25.85,26.364,5,0,0,,,,7.942,30.471,30.738,7,4,0,,,,3.931,38.211,38.886,7,,,,,2,1.592,50.902,51.424,6,4,0,,,,15.321,22.252,22.494,8,,,0,49,,26.18,31.447,32.016,6,0,0,,,,21.66,31.914,32.817,6,23,High school graduate (high school diploma or equivalent including GED),White,,Female,,3,"$20,000 to $29,999"
3/19/21 12:33,3/19/21 12:56,IP Address,71.226.224.250,100,1385,TRUE,3/19/21 12:56,R_PvvflfVe8fzu83T,,,,,40.36990356,-74.63809967,anonymous,EN,,,0,0,,146.541,148.8,176.963,2,0,0,,,,62.639,65.636,120.698,2,,,,,0,37.802,37.802,76.86,1,0,0,,,,55.956,57.791,63.319,2,,,,,0,79.976,79.976,92.794,1,,,0,90,,45.302,48.498,61.07,2,0,0,,,,74.429,80.107,240.804,3,,,0,100,,93.2,105.639,120.581,3,,,,,0,60.184,60.184,66.841,1,,,0,90,,45.229,48.954,85.499,2,,,,,0,32.776,32.776,45.48,1,49,High school graduate (high school diploma or equivalent including GED),White,,Male,,7,"Less than $10,000"
3/19/21 12:50,3/19/21 12:58,IP Address,73.142.91.123,100,462,TRUE,3/19/21 12:58,R_10Iynt5znPy3AZu,,,,,41.45680237,-72.82450104,anonymous,EN,,,22,0,,5.102,8.179,8.947,2,,,,,28,7.445,7.445,8.735,1,,,,,29,10.213,10.213,11.013,1,,,50,13,,13.187,36.883,38.535,3,20,2,,,,77.501,82.955,84.318,3,100,3,,,,7.569,9.461,11.032,2,100,2,,,,7.894,10.602,11.701,2,,,100,0,,6.155,9.157,9.99,3,,,100,0,,6.57,9.327,10.301,2,,,100,0,,4.281,7.117,8.745,2,,,,,68,194.947,194.947,195.882,1,34,Some college but no degree,White,,Female,,5,"$20,000 to $29,999"
3/19/21 12:43,3/19/21 12:58,IP Address,12.10.28.38,100,903,TRUE,3/19/21 12:58,R_dcEpcLyOcydKHvz,,,,,37.86459351,-90.16960144,anonymous,EN,,,55,65,,40.835,61.851,62.871,5,,,,,53,40.975,58.428,59.436,10,,,,,65,69.72,77.076,78.235,2,72,1,,,,33.78,75.518,77.031,7,33,0,,,,30.569,48.031,49.039,7,23,0,,,,37.682,59.028,60.113,15,,,,,50,35.853,59.557,60.61,5,,,,,60,39.338,68.806,69.831,8,,,,,65,51.331,63.814,65.107,5,32,0,,,,60.556,80.217,81.604,5,,,,,48,44.193,67.093,68.112,4,64,Bachelor's degree in college (4-year),Black or African American,,Female,,0,"$20,000 to $29,999"
3/19/21 12:50,3/19/21 13:00,IP Address,73.248.230.98,100,547,TRUE,3/19/21 13:00,R_2rUD1jke6nCBI51,,,,,40.54069519,-74.31400299,anonymous,EN,,,,,100,37.807,37.807,46.53,1,100,0,,,,32.478,40.997,47.985,3,100,15,,,,30.643,47.991,52.394,4,,,100,95,,45.766,58.998,61.53,5,85,0,,,,21.974,23.289,27.338,2,,,100,100,,32.702,34.222,39.521,2,,,100,100,,48.3,50.199,55.789,2,,,100,100,,59.806,61.574,70.331,2,100,5,,,,19.115,21.754,29.774,2,,,,,100,40.295,40.295,44.635,1,100,25,,,,23.542,27.681,34.066,2,32,Some college but no degree,White,,Male,,0,"$60,000 to $69,999"
3/19/21 12:50,3/19/21 13:03,IP Address,107.200.209.55,100,791,TRUE,3/19/21 13:03,R_1eQRcFGvbN3cLGh,,,,,33.39500427,-86.83480072,anonymous,EN,50,25,,,,37.672,43.668,124.065,4,,,,,50,57.25,57.25,58.275,1,50,50,,,,31.322,35.858,95.067,2,,,100,100,,28.08,29.97,31.35,3,,,100,100,,19.908,21.1,28.711,2,75,25,,,,38.742,43.906,45.202,4,,,,,75,38.359,38.359,60.259,1,,,,,75,30.32,30.32,78.33,1,,,,,70,55.718,58.719,112.678,2,0,0,,,,21.835,23.511,37.421,2,,,,,50,75.879,75.879,77.157,1,32,Bachelor's degree in college (4-year),White,,Male,,4,"$100,000 to $149,999"
3/19/21 13:00,3/19/21 13:06,IP Address,97.81.54.216,100,400,TRUE,3/19/21 13:06,R_OQcISatZhSpFiZr,,,,,36.30310059,-88.31259918,anonymous,EN,50,0,,,,20.79,22.516,23.666,3,10,0,,,,20.29,21.765,22.738,2,,,,,50,21.298,21.298,22.312,1,,,,,35,26.159,27.991,29.111,2,,,,,25,18.851,18.851,20.806,1,,,100,100,,26.291,27.335,28.328,2,,,100,100,,34.101,35.401,36.071,2,,,100,100,,33.871,38.606,40.341,9,,,100,100,,23.993,26.359,27.406,2,,,100,100,,20.046,22.064,22.668,2,25,0,,,,18.3,19.788,20.873,2,35,High school graduate (high school diploma or equivalent including GED),White,,Male,,3,"$30,000 to $39,999"
3/19/21 12:54,3/19/21 13:10,IP Address,45.51.0.125,100,977,TRUE,3/19/21 13:10,R_2whqQxPKcVC5QVq,,,,,33.78729248,-117.9230957,anonymous,EN,10,0,,,,2.317,62.344,63.674,4,,,43,91,,21.87,98.019,99.404,6,,,50,86,,2.691,76.589,78.003,6,,,,,2,3.219,80.734,83.502,5,9,1,,,,2.49,181.739,183.057,5,,,,,15,2.905,65.319,66.628,4,40,5,,,,3.419,100.568,101.608,5,,,,,3,1.311,89.631,90.932,5,,,,,40,3.333,71.45,72.919,3,1,0,,,,4.184,65.122,66.102,5,,,,,30,1.321,17.996,19.177,4,33,Bachelor's degree in college (4-year),Hispanic or Latino,,Male,,0,"$10,000 to $19,999"
3/19/21 12:31,3/19/21 13:11,IP Address,50.80.10.108,100,2396,TRUE,3/19/21 13:11,R_2VqIYb4qN3zFiOM,,,,,30.27319336,-87.76059723,anonymous,EN,,,9,8,,100.183,103.902,105.781,3,,,12,44,,15.504,18.028,19.933,2,,,7,14,,184.37,189.674,192.29,2,,,7,49,,53.3,59.451,61.283,3,6,40,,,,120.191,123.116,124.755,2,,,,,21,13.045,13.045,14.721,1,,,,,10,172.965,174.288,175.48,2,,,8,33,,50.086,52.21,53.575,2,5,23,,,,31.441,34.085,36.413,4,,,,,30,667.25,673.814,675.654,2,,,,,25,258.986,260.465,261.556,2,54,Some college but no degree,White,,Male,,6,"$90,000 to $99,999"
3/19/21 13:06,3/19/21 13:14,IP Address,98.20.219.247,100,460,TRUE,3/19/21 13:14,R_2SjjhVjMIq4ej98,,,,,34.45120239,-84.15299988,anonymous,EN,60,2,,,,40.418,47.025,48.162,2,75,3,,,,32.697,39.717,41.126,4,,,,,90,29.303,29.303,30.44,1,,,,,70,20.624,24.596,25.548,2,,,90,100,,29.542,38.445,39.255,2,,,,,80,12.97,12.97,15.226,1,70,5,,,,65.041,68.273,69.369,2,,,,,80,34.046,34.046,35.206,1,80,10,,,,20.425,22.921,24.561,2,60,4,,,,25.17,32.283,33.315,3,,,,,80,29.746,29.746,30.715,1,25,Bachelor's degree in college (4-year),White,,Male,,5,"$60,000 to $69,999"
3/19/21 13:03,3/19/21 13:14,IP Address,63.155.8.139,100,693,TRUE,3/19/21 13:14,R_u3btKyq6nDf0O3v,,,,,44.05630493,-122.9163971,anonymous,EN,,,0,34,,49.402,51.449,52.991,3,,,0,100,,67.041,96.747,99.175,3,,,,,4,22.358,25.278,41.933,4,,,0,50,,43.355,47.255,48.882,6,0,0,,,,25.901,29.221,31.089,2,,,0,100,,33.924,37.823,40.106,2,,,,,0,42.172,42.172,44.128,1,,,,,0,54.39,54.39,56.175,1,,,,,0,52.724,52.724,54.53,1,,,,,0,69.703,105.301,106.471,2,,,,,0,28.014,28.014,54.974,1,57,Bachelor's degree in college (4-year),White,,Female,,0,"$10,000 to $19,999"
3/19/21 13:00,3/19/21 13:16,IP Address,76.93.168.189,100,998,TRUE,3/19/21 13:16,R_29sSQFCQZV4GYrc,,,,,33.09240723,-117.2624054,anonymous,EN,0,0,,,,41.807,43,44.781,2,0,0,,,,49.139,50.211,58.004,2,5,0,,,,52.298,82.123,83.12,5,,,,,0,32.735,32.735,33.958,1,,,,,5,27.087,27.087,28.458,1,0,0,,,,38.785,40.291,41.89,2,,,55,100,,227.331,260.626,263.251,3,,,,,0,43.578,43.578,45.68,1,,,55,100,,51.59,55.976,63.23,6,,,60,100,,30.077,37.174,43.54,2,10,0,,,,23.092,25.989,33.547,5,44,Bachelor's degree in college (4-year),White,,Male,,3,"$80,000 to $89,999"
3/19/21 13:01,3/19/21 13:16,IP Address,99.99.63.53,100,922,TRUE,3/19/21 13:16,R_dgmeV6fiNEGXZTz,,,,,34.21659851,-118.6027985,anonymous,EN,,,30,10,,67.412,70.963,72.829,2,,,90,100,,123.224,125.992,128.017,2,10,0,,,,47.331,79.609,84.36,4,,,80,70,,49.001,73.086,75.295,5,,,,,50,41.55,41.55,118.321,1,,,,,100,38.436,38.436,40.578,1,50,5,,,,42.907,50.707,60.852,2,60,0,,,,52.263,56.055,72.848,2,,,90,100,,43.046,45.37,47.187,2,,,,,90,64.622,64.622,66.52,1,100,10,,,,27.373,38.268,39.998,2,52,Some college but no degree,White,,Male,,1,"$40,000 to $49,999"
3/19/21 13:08,3/19/21 13:20,IP Address,69.115.12.214,100,680,TRUE,3/19/21 13:20,R_Om0qIdrUeoYPAKl,,,,,40.94509888,-74.25309753,anonymous,EN,,,,,0,21.462,21.462,23.438,1,,,0,96,,33.498,38.88,39.543,2,0,0,,,,153.669,182.32,184.034,3,0,0,,,,28.323,30.677,32.314,3,0,0,,,,12.838,14.606,15.883,2,,,0,86,,30.679,35.873,36.636,2,0,0,,,,65.04,66.619,68.055,2,0,0,,,,20.701,22.574,24.286,2,,,,,0,24.179,24.179,25.782,1,0,0,,,,24.179,25.384,26.546,2,,,,,0,88.816,88.816,90.089,1,43,High school graduate (high school diploma or equivalent including GED),White,,Female,,0,"$70,000 to $79,999"
3/19/21 13:04,3/19/21 13:25,IP Address,73.110.34.134,100,1308,TRUE,3/19/21 13:25,R_1fl6w29GGXzdsxL,,,,,41.50920105,-87.59380341,anonymous,EN,,,100,0,,5.846,7.662,8.628,3,,,100,0,,952.561,957.138,958.889,3,52,51,,,,11.287,12.647,13.733,2,100,0,,,,86.457,92.099,93.072,5,100,100,,,,5.975,7.945,8.799,3,100,100,,,,2.95,5.841,6.758,2,,,100,0,,6.487,8.218,8.99,2,100,100,,,,4.543,13.413,14.354,2,,,,,100,12.892,31.805,32.675,4,,,,,100,61.939,61.939,75.211,1,100,0,,,,3.794,5.308,51.79,2,56,Associate degree in college (2-year),White,,Female,,2,"$70,000 to $79,999"
3/19/21 12:49,3/19/21 15:25,IP Address,206.123.141.93,100,9380,TRUE,3/19/21 15:25,R_1mORp1FWDX8pSRi,,,,,37.77940369,-122.4176025,anonymous,EN,,,,,59,23.712,25.801,26.595,3,80,5,,,,15.983,23.845,24.553,8,69,13,,,,57.933,1941.217,1941.695,12,,,95,96,,23.745,36.96,37.353,7,,,100,100,,15.347,27.645,28.541,7,100,0,,,,11.692,25.802,27.247,6,,,100,100,,24.213,42.294,42.938,9,,,,,100,21.845,29.758,30.79,5,,,,,96,22.222,35.958,37.073,5,,,,,93,30.274,45.006,46.357,5,88,43,,,,16.543,27.579,27.865,9,37,Bachelor's degree in college (4-year),White,,Female,,1,"$30,000 to $39,999"